"Filename"	"TableTime"	"CSVTime"	"RCSVTime"
"/Users/johnmyleswhite/.julia/RDatasets/data/boot/acme.csv"	0.014173030853271484	0.002772808074951172	0.00158905982971191
"/Users/johnmyleswhite/.julia/RDatasets/data/boot/aids.csv"	0.04522109031677246	0.014416933059692383	0.0014491081237793
"/Users/johnmyleswhite/.julia/RDatasets/data/boot/aircondit.csv"	0.00015282630920410156	0.0001728534698486328	0.000338077545166016
"/Users/johnmyleswhite/.julia/RDatasets/data/boot/aircondit7.csv"	0.00016021728515625	0.0002460479736328125	0.000347137451171875
"/Users/johnmyleswhite/.julia/RDatasets/data/boot/amis.csv"	0.09267497062683105	0.13269305229187012	0.0131049156188965
"/Users/johnmyleswhite/.julia/RDatasets/data/boot/aml.csv"	0.00028514862060546875	0.0003731250762939453	0.000394821166992188
"/Users/johnmyleswhite/.julia/RDatasets/data/boot/bigcity.csv"	0.0003211498260498047	0.0004999637603759766	0.00035405158996582
"/Users/johnmyleswhite/.julia/RDatasets/data/boot/brambles.csv"	0.0053501129150390625	0.008493185043334961	0.00139093399047852
"/Users/johnmyleswhite/.julia/RDatasets/data/boot/breslow.csv"	0.00019097328186035156	0.00033402442932128906	0.000371932983398438
"/Users/johnmyleswhite/.julia/RDatasets/data/boot/calcium.csv"	0.0003428459167480469	0.0003299713134765625	0.000355958938598633
"/Users/johnmyleswhite/.julia/RDatasets/data/boot/cane.csv"	0.0015859603881835938	0.018565893173217773	0.000627040863037109
"/Users/johnmyleswhite/.julia/RDatasets/data/boot/capability.csv"	0.000392913818359375	0.0005412101745605469	0.000360012054443359
"/Users/johnmyleswhite/.julia/RDatasets/data/boot/catsM.csv"	0.0005970001220703125	0.0011401176452636719	0.000432014465332031
"/Users/johnmyleswhite/.julia/RDatasets/data/boot/cav.csv"	0.0006840229034423828	0.0011320114135742188	0.000400066375732422
"/Users/johnmyleswhite/.julia/RDatasets/data/boot/cd4.csv"	0.0001537799835205078	0.0002319812774658203	0.000349044799804688
"/Users/johnmyleswhite/.julia/RDatasets/data/boot/channing.csv"	0.0036499500274658203	0.006730794906616211	0.00114202499389648
"/Users/johnmyleswhite/.julia/RDatasets/data/boot/city.csv"	0.00012803077697753906	0.00016117095947265625	0.000386953353881836
"/Users/johnmyleswhite/.julia/RDatasets/data/boot/claridge.csv"	0.00022101402282714844	0.00035691261291503906	0.000339984893798828
"/Users/johnmyleswhite/.julia/RDatasets/data/boot/cloth.csv"	0.000209808349609375	0.00033593177795410156	0.000334978103637695
"/Users/johnmyleswhite/.julia/RDatasets/data/boot/co.transfer.csv"	9.417533874511719e-5	0.00012803077697753906	0.000312089920043945
"/Users/johnmyleswhite/.julia/RDatasets/data/boot/coal.csv"	0.0007379055023193359	0.0012481212615966797	0.000519990921020508
"/Users/johnmyleswhite/.julia/RDatasets/data/boot/darwin.csv"	9.894371032714844e-5	0.00016188621520996094	0.000313997268676758
"/Users/johnmyleswhite/.julia/RDatasets/data/boot/dogs.csv"	8.20159912109375e-5	0.00012683868408203125	0.000323057174682617
"/Users/johnmyleswhite/.julia/RDatasets/data/boot/downs.bc.csv"	0.0002300739288330078	0.00037097930908203125	0.000358104705810547
"/Users/johnmyleswhite/.julia/RDatasets/data/boot/ducks.csv"	9.894371032714844e-5	0.00016117095947265625	0.000320196151733398
"/Users/johnmyleswhite/.julia/RDatasets/data/boot/fir.csv"	0.0003218650817871094	0.0005419254302978516	0.000360012054443359
"/Users/johnmyleswhite/.julia/RDatasets/data/boot/frets.csv"	0.00023293495178222656	0.00037598609924316406	0.00035405158996582
"/Users/johnmyleswhite/.julia/RDatasets/data/boot/grav.csv"	0.0001690387725830078	0.0003170967102050781	0.000320911407470703
"/Users/johnmyleswhite/.julia/RDatasets/data/boot/gravity.csv"	0.0004019737243652344	0.0008120536804199219	0.000447988510131836
"/Users/johnmyleswhite/.julia/RDatasets/data/boot/hirose.csv"	0.00030303001403808594	0.0004940032958984375	0.000368118286132812
"/Users/johnmyleswhite/.julia/RDatasets/data/boot/islay.csv"	0.00010609626770019531	0.00017499923706054688	0.00029301643371582
"/Users/johnmyleswhite/.julia/RDatasets/data/boot/melanoma.csv"	0.0002181529998779297	0.0003540515899658203	0.000342130661010742
"/Users/johnmyleswhite/.julia/RDatasets/data/boot/motor.csv"	0.0007319450378417969	0.0011208057403564453	0.000478982925415039
"/Users/johnmyleswhite/.julia/RDatasets/data/boot/neuro.csv"	0.0066869258880615234	NA	0.0014498233795166
"/Users/johnmyleswhite/.julia/RDatasets/data/boot/nitrofen.csv"	0.0005340576171875	0.0007760524749755859	0.000421047210693359
"/Users/johnmyleswhite/.julia/RDatasets/data/boot/nodal.csv"	0.0006058216094970703	0.0009310245513916016	0.000440835952758789
"/Users/johnmyleswhite/.julia/RDatasets/data/boot/nuclear.csv"	0.001909017562866211	0.0012350082397460938	0.000510215759277344
"/Users/johnmyleswhite/.julia/RDatasets/data/boot/paulsen.csv"	0.0027899742126464844	0.003143787384033203	0.000492095947265625
"/Users/johnmyleswhite/.julia/RDatasets/data/boot/poisons.csv"	0.0006470680236816406	0.0008111000061035156	0.000388860702514648
"/Users/johnmyleswhite/.julia/RDatasets/data/boot/polar.csv"	0.0003170967102050781	0.0005018711090087891	0.000440835952758789
"/Users/johnmyleswhite/.julia/RDatasets/data/boot/remission.csv"	0.0002219676971435547	0.0003960132598876953	0.000347137451171875
"/Users/johnmyleswhite/.julia/RDatasets/data/boot/salinity.csv"	0.0002760887145996094	0.0004341602325439453	0.000370979309082031
"/Users/johnmyleswhite/.julia/RDatasets/data/boot/survival.csv"	0.00013208389282226562	0.00018906593322753906	0.00032806396484375
"/Users/johnmyleswhite/.julia/RDatasets/data/boot/tau.csv"	0.00030803680419921875	0.0006480216979980469	0.000378131866455078
"/Users/johnmyleswhite/.julia/RDatasets/data/boot/tuna.csv"	0.00028014183044433594	0.0004630088806152344	0.000343084335327148
"/Users/johnmyleswhite/.julia/RDatasets/data/boot/urine.csv"	0.001486063003540039	NA	0.000638008117675781
"/Users/johnmyleswhite/.julia/RDatasets/data/car/Adler.csv"	0.0005311965942382812	0.001483917236328125	0.000571012496948242
"/Users/johnmyleswhite/.julia/RDatasets/data/car/AMSsurvey.csv"	0.0002288818359375	0.015421867370605469	0.000465869903564453
"/Users/johnmyleswhite/.julia/RDatasets/data/car/Angell.csv"	0.00045680999755859375	0.0007309913635253906	0.00053715705871582
"/Users/johnmyleswhite/.julia/RDatasets/data/car/Anscombe.csv"	0.00045418739318847656	0.0006918907165527344	0.00186300277709961
"/Users/johnmyleswhite/.julia/RDatasets/data/car/Baumann.csv"	0.0007050037384033203	0.0011730194091796875	0.000504970550537109
"/Users/johnmyleswhite/.julia/RDatasets/data/car/Bfox.csv"	0.00039505958557128906	0.0005431175231933594	0.000458002090454102
"/Users/johnmyleswhite/.julia/RDatasets/data/car/Blackmoor.csv"	0.006253957748413086	0.013944149017333984	0.00201511383056641
"/Users/johnmyleswhite/.julia/RDatasets/data/car/Burt.csv"	0.00024390220642089844	0.0004029273986816406	0.000379085540771484
"/Users/johnmyleswhite/.julia/RDatasets/data/car/CanPop.csv"	0.00013208389282226562	0.0002028942108154297	0.000365972518920898
"/Users/johnmyleswhite/.julia/RDatasets/data/car/Chile.csv"	0.044064998626708984	NA	0.00814104080200195
"/Users/johnmyleswhite/.julia/RDatasets/data/car/Chirot.csv"	0.015383005142211914	0.0005998611450195312	0.000468969345092773
"/Users/johnmyleswhite/.julia/RDatasets/data/car/Cowles.csv"	0.008894205093383789	0.0204927921295166	0.0023949146270752
"/Users/johnmyleswhite/.julia/RDatasets/data/car/Davis.csv"	0.0015881061553955078	NA	0.000674009323120117
"/Users/johnmyleswhite/.julia/RDatasets/data/car/DavisThin.csv"	0.0020279884338378906	0.0030469894409179688	0.000696182250976562
"/Users/johnmyleswhite/.julia/RDatasets/data/car/Depredations.csv"	0.003857135772705078	0.005824089050292969	0.00110387802124023
"/Users/johnmyleswhite/.julia/RDatasets/data/car/Duncan.csv"	0.00038695335388183594	0.0007169246673583984	0.000543832778930664
"/Users/johnmyleswhite/.julia/RDatasets/data/car/Ericksen.csv"	0.0009779930114746094	0.01638484001159668	0.000823974609375
"/Users/johnmyleswhite/.julia/RDatasets/data/car/Florida.csv"	0.0012891292572021484	0.001789093017578125	0.000830888748168945
"/Users/johnmyleswhite/.julia/RDatasets/data/car/Freedman.csv"	0.0008230209350585938	NA	0.000699043273925781
"/Users/johnmyleswhite/.julia/RDatasets/data/car/Friendly.csv"	0.00016999244689941406	0.00035500526428222656	0.000420093536376953
"/Users/johnmyleswhite/.julia/RDatasets/data/car/Ginzberg.csv"	0.0010139942169189453	0.0013561248779296875	0.000721931457519531
"/Users/johnmyleswhite/.julia/RDatasets/data/car/Greene.csv"	0.0028760433197021484	0.010251998901367188	0.00164914131164551
"/Users/johnmyleswhite/.julia/RDatasets/data/car/Guyer.csv"	0.0001888275146484375	0.0003578662872314453	0.000386953353881836
"/Users/johnmyleswhite/.julia/RDatasets/data/car/Hartnagel.csv"	0.0005648136138916016	NA	0.00214004516601562
"/Users/johnmyleswhite/.julia/RDatasets/data/car/Highway1.csv"	0.0007660388946533203	0.0012080669403076172	0.000684022903442383
"/Users/johnmyleswhite/.julia/RDatasets/data/car/Leinhardt.csv"	0.0006120204925537109	NA	0.000718116760253906
"/Users/johnmyleswhite/.julia/RDatasets/data/car/Mandel.csv"	0.00010800361633300781	0.0001552104949951172	0.000320196151733398
"/Users/johnmyleswhite/.julia/RDatasets/data/car/Migration.csv"	0.0011038780212402344	0.0020918846130371094	0.000712871551513672
"/Users/johnmyleswhite/.julia/RDatasets/data/car/Moore.csv"	0.000308990478515625	0.0007500648498535156	0.00042414665222168
"/Users/johnmyleswhite/.julia/RDatasets/data/car/Mroz.csv"	0.03544807434082031	0.029597043991088867	0.00450682640075684
"/Users/johnmyleswhite/.julia/RDatasets/data/car/OBrienKaiser.csv"	0.0005121231079101562	0.0007910728454589844	0.000593185424804688
"/Users/johnmyleswhite/.julia/RDatasets/data/car/Ornstein.csv"	0.001519918441772461	0.003840923309326172	0.000701904296875
"/Users/johnmyleswhite/.julia/RDatasets/data/car/Pottery.csv"	0.00035500526428222656	0.0005369186401367188	0.000436067581176758
"/Users/johnmyleswhite/.julia/RDatasets/data/car/Prestige.csv"	0.0009920597076416016	0.0017960071563720703	0.00092005729675293
"/Users/johnmyleswhite/.julia/RDatasets/data/car/Quartet.csv"	0.00018906593322753906	0.00026416778564453125	0.000427961349487305
"/Users/johnmyleswhite/.julia/RDatasets/data/car/Robey.csv"	0.0002989768981933594	0.0006570816040039062	0.000496864318847656
"/Users/johnmyleswhite/.julia/RDatasets/data/car/Sahlins.csv"	0.0001499652862548828	0.00022912025451660156	0.000335931777954102
"/Users/johnmyleswhite/.julia/RDatasets/data/car/Salaries.csv"	0.0029630661010742188	0.021958112716674805	0.00124812126159668
"/Users/johnmyleswhite/.julia/RDatasets/data/car/SLID.csv"	0.07433700561523438	NA	0.0165519714355469
"/Users/johnmyleswhite/.julia/RDatasets/data/car/Soils.csv"	0.0011539459228515625	0.0020329952239990234	0.000789165496826172
"/Users/johnmyleswhite/.julia/RDatasets/data/car/States.csv"	0.0005731582641601562	0.0010669231414794922	0.000552892684936523
"/Users/johnmyleswhite/.julia/RDatasets/data/car/Transact.csv"	0.0015208721160888672	0.002753019332885742	0.000633955001831055
"/Users/johnmyleswhite/.julia/RDatasets/data/car/UN.csv"	0.0009000301361083984	NA	0.000597000122070312
"/Users/johnmyleswhite/.julia/RDatasets/data/car/USPop.csv"	0.000164031982421875	0.00025391578674316406	0.000335931777954102
"/Users/johnmyleswhite/.julia/RDatasets/data/car/Vocab.csv"	0.23136401176452637	0.4278888702392578	0.038625955581665
"/Users/johnmyleswhite/.julia/RDatasets/data/car/WeightLoss.csv"	0.0005388259887695312	0.0007898807525634766	0.000498056411743164
"/Users/johnmyleswhite/.julia/RDatasets/data/car/Womenlf.csv"	0.0015950202941894531	0.004549980163574219	0.000806808471679688
"/Users/johnmyleswhite/.julia/RDatasets/data/car/Wool.csv"	0.00028896331787109375	0.0004169940948486328	0.000370025634765625
"/Users/johnmyleswhite/.julia/RDatasets/data/cluster/agriculture.csv"	0.00011491775512695312	0.00017690658569335938	0.000319004058837891
"/Users/johnmyleswhite/.julia/RDatasets/data/cluster/animals.csv"	0.0002551078796386719	NA	0.000388860702514648
"/Users/johnmyleswhite/.julia/RDatasets/data/cluster/chorSub.csv"	0.0011069774627685547	0.001550912857055664	0.000586032867431641
"/Users/johnmyleswhite/.julia/RDatasets/data/cluster/flower.csv"	0.00032591819763183594	0.0006740093231201172	0.00221991539001465
"/Users/johnmyleswhite/.julia/RDatasets/data/cluster/plantTraits.csv"	0.006088972091674805	NA	0.00188493728637695
"/Users/johnmyleswhite/.julia/RDatasets/data/cluster/pluton.csv"	0.000514984130859375	0.0006499290466308594	0.00043797492980957
"/Users/johnmyleswhite/.julia/RDatasets/data/cluster/ruspini.csv"	0.00041604042053222656	0.0006680488586425781	0.000346899032592773
"/Users/johnmyleswhite/.julia/RDatasets/data/cluster/votes.repub.csv"	0.002418994903564453	NA	0.00144600868225098
"/Users/johnmyleswhite/.julia/RDatasets/data/cluster/xclara.csv"	0.015233039855957031	0.025590896606445312	0.00512003898620605
"/Users/johnmyleswhite/.julia/RDatasets/data/COUNT/affairs.csv"	0.0289919376373291	0.020021915435791016	0.00264596939086914
"/Users/johnmyleswhite/.julia/RDatasets/data/COUNT/azdrg112.csv"	0.02807784080505371	0.020356178283691406	0.00440406799316406
"/Users/johnmyleswhite/.julia/RDatasets/data/COUNT/azpro.csv"	0.052651166915893555	0.06885290145874023	0.00723886489868164
"/Users/johnmyleswhite/.julia/RDatasets/data/COUNT/badhealth.csv"	0.00680994987487793	0.011687994003295898	0.00137495994567871
"/Users/johnmyleswhite/.julia/RDatasets/data/COUNT/fasttrakg.csv"	0.0003311634063720703	0.0004870891571044922	0.000454902648925781
"/Users/johnmyleswhite/.julia/RDatasets/data/COUNT/lbw.csv"	0.002713918685913086	0.004124879837036133	0.000851154327392578
"/Users/johnmyleswhite/.julia/RDatasets/data/COUNT/lbwgrp.csv"	0.0001480579376220703	0.0002129077911376953	0.0024418830871582
"/Users/johnmyleswhite/.julia/RDatasets/data/COUNT/loomis.csv"	0.02069091796875	NA	0.0013880729675293
"/Users/johnmyleswhite/.julia/RDatasets/data/COUNT/mdvis.csv"	0.06000113487243652	0.07362699508666992	0.00823092460632324
"/Users/johnmyleswhite/.julia/RDatasets/data/COUNT/medpar.csv"	0.03905916213989258	0.03429293632507324	0.00612092018127441
"/Users/johnmyleswhite/.julia/RDatasets/data/COUNT/rwm.csv"	0.32735180854797363	0.48805904388427734	0.055279016494751
"/Users/johnmyleswhite/.julia/RDatasets/data/COUNT/rwm5yr.csv"	0.856158971786499	1.1896820068359375	0.174957036972046
"/Users/johnmyleswhite/.julia/RDatasets/data/COUNT/ships.csv"	0.0006339550018310547	NA	0.000550031661987305
"/Users/johnmyleswhite/.julia/RDatasets/data/COUNT/titanic.csv"	0.010257959365844727	0.014738082885742188	0.00177407264709473
"/Users/johnmyleswhite/.julia/RDatasets/data/COUNT/titgrp.csv"	0.00020694732666015625	0.0003490447998046875	0.000384092330932617
"/Users/johnmyleswhite/.julia/RDatasets/data/datasets/airquality.csv"	0.0014891624450683594	NA	0.000616073608398438
"/Users/johnmyleswhite/.julia/RDatasets/data/datasets/anscombe.csv"	0.00021600723266601562	0.02511000633239746	0.000391960144042969
"/Users/johnmyleswhite/.julia/RDatasets/data/datasets/attenu.csv"	0.0018169879913330078	0.0028269290924072266	0.0010380744934082
"/Users/johnmyleswhite/.julia/RDatasets/data/datasets/attitude.csv"	0.00040912628173828125	0.0006010532379150391	0.000452995300292969
"/Users/johnmyleswhite/.julia/RDatasets/data/datasets/BOD.csv"	8.416175842285156e-5	0.0001220703125	0.000303983688354492
"/Users/johnmyleswhite/.julia/RDatasets/data/datasets/cars.csv"	0.0002770423889160156	0.00046706199645996094	0.000331878662109375
"/Users/johnmyleswhite/.julia/RDatasets/data/datasets/chickwts.csv"	0.0003349781036376953	0.0007431507110595703	0.000378131866455078
"/Users/johnmyleswhite/.julia/RDatasets/data/datasets/crimtab.csv"	0.001386880874633789	0.0018818378448486328	0.000771045684814453
"/Users/johnmyleswhite/.julia/RDatasets/data/datasets/esoph.csv"	0.0006289482116699219	0.0017240047454833984	0.000519037246704102
"/Users/johnmyleswhite/.julia/RDatasets/data/datasets/euro.csv"	8.893013000488281e-5	0.00013709068298339844	0.000298976898193359
"/Users/johnmyleswhite/.julia/RDatasets/data/datasets/faithful.csv"	0.0013508796691894531	0.0021610260009765625	0.000554084777832031
"/Users/johnmyleswhite/.julia/RDatasets/data/datasets/Formaldehyde.csv"	8.606910705566406e-5	0.0001220703125	0.000308990478515625
"/Users/johnmyleswhite/.julia/RDatasets/data/datasets/freeny.csv"	0.0004360675811767578	0.0006089210510253906	0.000525951385498047
"/Users/johnmyleswhite/.julia/RDatasets/data/datasets/HairEyeColor.csv"	0.0002200603485107422	0.0006031990051269531	0.000386953353881836
"/Users/johnmyleswhite/.julia/RDatasets/data/datasets/infert.csv"	0.002810955047607422	0.0048370361328125	0.000932931900024414
"/Users/johnmyleswhite/.julia/RDatasets/data/datasets/InsectSprays.csv"	0.00032806396484375	0.0007431507110595703	0.000365972518920898
"/Users/johnmyleswhite/.julia/RDatasets/data/datasets/iris.csv"	0.0012319087982177734	0.002192974090576172	0.000702142715454102
"/Users/johnmyleswhite/.julia/RDatasets/data/datasets/islands.csv"	0.00018095970153808594	0.00036787986755371094	0.000346899032592773
"/Users/johnmyleswhite/.julia/RDatasets/data/datasets/LifeCycleSavings.csv"	0.0004889965057373047	0.0007939338684082031	0.000549077987670898
"/Users/johnmyleswhite/.julia/RDatasets/data/datasets/longley.csv"	0.000263214111328125	0.0003800392150878906	0.000483989715576172
"/Users/johnmyleswhite/.julia/RDatasets/data/datasets/morley.csv"	0.0005960464477539062	0.0010120868682861328	0.000432968139648438
"/Users/johnmyleswhite/.julia/RDatasets/data/datasets/mtcars.csv"	0.0005929470062255859	0.0008881092071533203	0.000697135925292969
"/Users/johnmyleswhite/.julia/RDatasets/data/datasets/occupationalStatus.csv"	0.00016999244689941406	0.00026106834411621094	0.000461101531982422
"/Users/johnmyleswhite/.julia/RDatasets/data/datasets/OrchardSprays.csv"	0.0004520416259765625	0.0009050369262695312	0.000422000885009766
"/Users/johnmyleswhite/.julia/RDatasets/data/datasets/PlantGrowth.csv"	0.00017213821411132812	0.00035309791564941406	0.000338077545166016
"/Users/johnmyleswhite/.julia/RDatasets/data/datasets/precip.csv"	0.0002830028533935547	0.00048804283142089844	0.000324010848999023
"/Users/johnmyleswhite/.julia/RDatasets/data/datasets/pressure.csv"	0.00014495849609375	0.0002391338348388672	0.000327110290527344
"/Users/johnmyleswhite/.julia/RDatasets/data/datasets/Puromycin.csv"	0.00018787384033203125	0.00036978721618652344	0.000348091125488281
"/Users/johnmyleswhite/.julia/RDatasets/data/datasets/quakes.csv"	0.009184837341308594	0.02788400650024414	0.00239992141723633
"/Users/johnmyleswhite/.julia/RDatasets/data/datasets/randu.csv"	0.0027751922607421875	0.0040090084075927734	0.00111889839172363
"/Users/johnmyleswhite/.julia/RDatasets/data/datasets/rivers.csv"	0.0005369186401367188	0.0009388923645019531	0.000355005264282227
"/Users/johnmyleswhite/.julia/RDatasets/data/datasets/rock.csv"	0.0004661083221435547	0.0006601810455322266	0.000436782836914062
"/Users/johnmyleswhite/.julia/RDatasets/data/datasets/sleep.csv"	0.000186920166015625	0.00034499168395996094	0.000335931777954102
"/Users/johnmyleswhite/.julia/RDatasets/data/datasets/stackloss.csv"	0.00021505355834960938	0.00032401084899902344	0.000370025634765625
"/Users/johnmyleswhite/.julia/RDatasets/data/datasets/swiss.csv"	0.0005369186401367188	0.0008158683776855469	0.000616073608398438
"/Users/johnmyleswhite/.julia/RDatasets/data/datasets/Titanic.csv"	0.00024890899658203125	0.0007269382476806641	0.000438928604125977
"/Users/johnmyleswhite/.julia/RDatasets/data/datasets/ToothGrowth.csv"	0.00037097930908203125	0.0007410049438476562	0.000388860702514648
"/Users/johnmyleswhite/.julia/RDatasets/data/datasets/trees.csv"	0.00024819374084472656	0.00037384033203125	0.000360012054443359
"/Users/johnmyleswhite/.julia/RDatasets/data/datasets/UCBAdmissions.csv"	0.00019979476928710938	0.0005080699920654297	0.00038599967956543
"/Users/johnmyleswhite/.julia/RDatasets/data/datasets/USArrests.csv"	0.0003979206085205078	0.0006699562072753906	0.000455856323242188
"/Users/johnmyleswhite/.julia/RDatasets/data/datasets/USJudgeRatings.csv"	0.0008258819580078125	NA	0.000644922256469727
"/Users/johnmyleswhite/.julia/RDatasets/data/datasets/USPersonalExpenditure.csv"	0.00011110305786132812	0.0001609325408935547	0.000375032424926758
"/Users/johnmyleswhite/.julia/RDatasets/data/datasets/VADeaths.csv"	9.393692016601562e-5	0.000141143798828125	0.000391960144042969
"/Users/johnmyleswhite/.julia/RDatasets/data/datasets/volcano.csv"	0.006927013397216797	0.02448105812072754	0.0039680004119873
"/Users/johnmyleswhite/.julia/RDatasets/data/datasets/warpbreaks.csv"	0.00036215782165527344	0.0008080005645751953	0.000417947769165039
"/Users/johnmyleswhite/.julia/RDatasets/data/datasets/women.csv"	0.0001277923583984375	0.00019693374633789062	0.000314950942993164
"/Users/johnmyleswhite/.julia/RDatasets/data/datasets/WorldPhones.csv"	0.00015211105346679688	0.0002338886260986328	0.000406980514526367
"/Users/johnmyleswhite/.julia/RDatasets/data/Ecdat/Accident.csv"	0.00034999847412109375	NA	0.000430822372436523
"/Users/johnmyleswhite/.julia/RDatasets/data/Ecdat/Airline.csv"	0.001024007797241211	0.0014460086822509766	0.000611066818237305
"/Users/johnmyleswhite/.julia/RDatasets/data/Ecdat/Airq.csv"	0.00036907196044921875	0.0006361007690429688	0.000452041625976562
"/Users/johnmyleswhite/.julia/RDatasets/data/Ecdat/Benefits.csv"	0.1478271484375	0.3722858428955078	0.0308067798614502
"/Users/johnmyleswhite/.julia/RDatasets/data/Ecdat/Bids.csv"	0.002572774887084961	0.0032911300659179688	0.00108098983764648
"/Users/johnmyleswhite/.julia/RDatasets/data/Ecdat/BudgetFood.csv"	0.3762080669403076	0.6468548774719238	0.103104114532471
"/Users/johnmyleswhite/.julia/RDatasets/data/Ecdat/BudgetItaly.csv"	0.054338932037353516	0.060005903244018555	0.0103678703308105
"/Users/johnmyleswhite/.julia/RDatasets/data/Ecdat/BudgetUK.csv"	0.02300095558166504	0.05275607109069824	0.00661897659301758
"/Users/johnmyleswhite/.julia/RDatasets/data/Ecdat/Bwages.csv"	0.011099100112915039	0.017108917236328125	0.00272488594055176
"/Users/johnmyleswhite/.julia/RDatasets/data/Ecdat/Capm.csv"	0.021129846572875977	0.007126808166503906	0.00160408020019531
"/Users/johnmyleswhite/.julia/RDatasets/data/Ecdat/Car.csv"	0.91355299949646	1.1340210437774658	0.140083074569702
"/Users/johnmyleswhite/.julia/RDatasets/data/Ecdat/Caschool.csv"	0.03640007972717285	0.018045902252197266	0.00677013397216797
"/Users/johnmyleswhite/.julia/RDatasets/data/Ecdat/Catsup.csv"	0.10084700584411621	0.1004171371459961	0.01432204246521
"/Users/johnmyleswhite/.julia/RDatasets/data/Ecdat/Cigar.csv"	0.037342071533203125	0.029028892517089844	0.00574207305908203
"/Users/johnmyleswhite/.julia/RDatasets/data/Ecdat/Cigarette.csv"	0.02349114418029785	0.01220703125	0.00328183174133301
"/Users/johnmyleswhite/.julia/RDatasets/data/Ecdat/Clothing.csv"	0.007850885391235352	0.010931015014648438	0.00248289108276367
"/Users/johnmyleswhite/.julia/RDatasets/data/Ecdat/Computers.csv"	0.11791801452636719	0.23336482048034668	0.0214149951934814
"/Users/johnmyleswhite/.julia/RDatasets/data/Ecdat/CPSch3.csv"	0.10043191909790039	0.18813490867614746	0.0225708484649658
"/Users/johnmyleswhite/.julia/RDatasets/data/Ecdat/Cracker.csv"	0.10425686836242676	0.1319730281829834	0.016261100769043
"/Users/johnmyleswhite/.julia/RDatasets/data/Ecdat/Crime.csv"	0.039407968521118164	0.03335905075073242	0.00876784324645996
"/Users/johnmyleswhite/.julia/RDatasets/data/Ecdat/Diamond.csv"	0.002170085906982422	0.021703004837036133	0.000972986221313477
"/Users/johnmyleswhite/.julia/RDatasets/data/Ecdat/DM.csv"	0.006552934646606445	0.009468793869018555	0.00466609001159668
"/Users/johnmyleswhite/.julia/RDatasets/data/Ecdat/Doctor.csv"	0.003901958465576172	0.005600929260253906	0.00105690956115723
"/Users/johnmyleswhite/.julia/RDatasets/data/Ecdat/DoctorAUS.csv"	0.16328787803649902	0.22738099098205566	0.0227739810943604
"/Users/johnmyleswhite/.julia/RDatasets/data/Ecdat/DoctorContacts.csv"	0.7328729629516602	NA	0.187257051467896
"/Users/johnmyleswhite/.julia/RDatasets/data/Ecdat/Earnings.csv"	0.04576683044433594	0.04468417167663574	0.00542306900024414
"/Users/johnmyleswhite/.julia/RDatasets/data/Ecdat/Electricity.csv"	0.002416849136352539	0.025910139083862305	0.00106501579284668
"/Users/johnmyleswhite/.julia/RDatasets/data/Ecdat/Fair.csv"	0.007996797561645508	0.013848066329956055	0.0018470287322998
"/Users/johnmyleswhite/.julia/RDatasets/data/Ecdat/Fatality.csv"	0.00516200065612793	0.008708953857421875	0.0023200511932373
"/Users/johnmyleswhite/.julia/RDatasets/data/Ecdat/Fishing.csv"	0.03713679313659668	0.03287100791931152	0.00680112838745117
"/Users/johnmyleswhite/.julia/RDatasets/data/Ecdat/Forward.csv"	0.019628047943115234	0.006107807159423828	0.00228619575500488
"/Users/johnmyleswhite/.julia/RDatasets/data/Ecdat/FriendFoe.csv"	0.0036661624908447266	0.009173154830932617	0.00141811370849609
"/Users/johnmyleswhite/.julia/RDatasets/data/Ecdat/Garch.csv"	0.04169487953186035	NA	0.00901293754577637
"/Users/johnmyleswhite/.julia/RDatasets/data/Ecdat/Gasoline.csv"	0.0036439895629882812	0.005878925323486328	0.00177693367004395
"/Users/johnmyleswhite/.julia/RDatasets/data/Ecdat/Griliches.csv"	0.03277897834777832	0.037045955657958984	0.0071871280670166
"/Users/johnmyleswhite/.julia/RDatasets/data/Ecdat/Grunfeld.csv"	0.01688981056213379	0.002763032913208008	0.000823974609375
"/Users/johnmyleswhite/.julia/RDatasets/data/Ecdat/HC.csv"	0.006450176239013672	0.009629011154174805	0.00189495086669922
"/Users/johnmyleswhite/.julia/RDatasets/data/Ecdat/Hdma.csv"	0.05460190773010254	0.12292313575744629	0.0128459930419922
"/Users/johnmyleswhite/.julia/RDatasets/data/Ecdat/Heating.csv"	0.029754161834716797	0.0581510066986084	0.0106542110443115
"/Users/johnmyleswhite/.julia/RDatasets/data/Ecdat/Hedonic.csv"	0.02651500701904297	0.016596078872680664	0.00432801246643066
"/Users/johnmyleswhite/.julia/RDatasets/data/Ecdat/HI.csv"	0.6104869842529297	1.7527740001678467	0.140319108963013
"/Users/johnmyleswhite/.julia/RDatasets/data/Ecdat/Housing.csv"	0.007896900177001953	0.019670963287353516	0.00247693061828613
"/Users/johnmyleswhite/.julia/RDatasets/data/Ecdat/Icecream.csv"	0.0003478527069091797	0.00046706199645996094	0.000396013259887695
"/Users/johnmyleswhite/.julia/RDatasets/data/Ecdat/Journals.csv"	0.002415895462036133	0.005780935287475586	0.00189590454101562
"/Users/johnmyleswhite/.julia/RDatasets/data/Ecdat/Kakadu.csv"	0.09379100799560547	0.11315798759460449	0.0105979442596436
"/Users/johnmyleswhite/.julia/RDatasets/data/Ecdat/Ketchup.csv"	0.0894160270690918	0.12918591499328613	0.0152060985565186
"/Users/johnmyleswhite/.julia/RDatasets/data/Ecdat/Klein.csv"	0.000537872314453125	0.0007190704345703125	0.00054621696472168
"/Users/johnmyleswhite/.julia/RDatasets/data/Ecdat/LaborSupply.csv"	0.08665108680725098	0.12419295310974121	0.0140049457550049
"/Users/johnmyleswhite/.julia/RDatasets/data/Ecdat/Labour.csv"	0.005337953567504883	0.007181882858276367	0.00188302993774414
"/Users/johnmyleswhite/.julia/RDatasets/data/Ecdat/Males.csv"	0.1010580062866211	0.2253260612487793	0.0459921360015869
"/Users/johnmyleswhite/.julia/RDatasets/data/Ecdat/Mathlevel.csv"	0.006158113479614258	0.015340805053710938	0.00187110900878906
"/Users/johnmyleswhite/.julia/RDatasets/data/Ecdat/MCAS.csv"	0.005750894546508789	NA	0.00269818305969238
"/Users/johnmyleswhite/.julia/RDatasets/data/Ecdat/MedExp.csv"	0.18593811988830566	0.32897281646728516	0.035369873046875
"/Users/johnmyleswhite/.julia/RDatasets/data/Ecdat/Metal.csv"	0.00031495094299316406	0.00038909912109375	0.000451803207397461
"/Users/johnmyleswhite/.julia/RDatasets/data/Ecdat/Mode.csv"	0.0068531036376953125	0.010462045669555664	0.00310611724853516
"/Users/johnmyleswhite/.julia/RDatasets/data/Ecdat/ModeChoice.csv"	0.009243965148925781	0.013988971710205078	0.00189900398254395
"/Users/johnmyleswhite/.julia/RDatasets/data/Ecdat/Mofa.csv"	0.018590927124023438	NA	0.000632047653198242
"/Users/johnmyleswhite/.julia/RDatasets/data/Ecdat/Mroz.csv"	0.01905989646911621	0.04564809799194336	0.00678110122680664
"/Users/johnmyleswhite/.julia/RDatasets/data/Ecdat/MunExp.csv"	0.022661924362182617	0.0493009090423584	0.00708103179931641
"/Users/johnmyleswhite/.julia/RDatasets/data/Ecdat/NaturalPark.csv"	0.003267049789428711	0.006209850311279297	0.00100588798522949
"/Users/johnmyleswhite/.julia/RDatasets/data/Ecdat/Nerlove.csv"	0.002331972122192383	0.003117084503173828	0.00104999542236328
"/Users/johnmyleswhite/.julia/RDatasets/data/Ecdat/OFP.csv"	0.1530308723449707	0.31431078910827637	0.0251071453094482
"/Users/johnmyleswhite/.julia/RDatasets/data/Ecdat/Oil.csv"	0.0011258125305175781	0.001519918441772461	0.000765085220336914
"/Users/johnmyleswhite/.julia/RDatasets/data/Ecdat/Participation.csv"	0.008925914764404297	0.034941911697387695	0.00255393981933594
"/Users/johnmyleswhite/.julia/RDatasets/data/Ecdat/PatentsHGH.csv"	0.06374907493591309	0.08187389373779297	0.0143740177154541
"/Users/johnmyleswhite/.julia/RDatasets/data/Ecdat/PatentsRD.csv"	0.03525209426879883	0.027392864227294922	0.00509309768676758
"/Users/johnmyleswhite/.julia/RDatasets/data/Ecdat/Pound.csv"	0.006398916244506836	0.025573015213012695	0.00209403038024902
"/Users/johnmyleswhite/.julia/RDatasets/data/Ecdat/Produc.csv"	0.01335906982421875	0.02003788948059082	0.00472903251647949
"/Users/johnmyleswhite/.julia/RDatasets/data/Ecdat/PSID.csv"	0.09428596496582031	NA	0.0139758586883545
"/Users/johnmyleswhite/.julia/RDatasets/data/Ecdat/RetSchool.csv"	0.18661189079284668	NA	0.0226600170135498
"/Users/johnmyleswhite/.julia/RDatasets/data/Ecdat/Schooling.csv"	0.14314889907836914	NA	0.0250370502471924
"/Users/johnmyleswhite/.julia/RDatasets/data/Ecdat/Somerville.csv"	0.008337020874023438	0.03387808799743652	0.00253701210021973
"/Users/johnmyleswhite/.julia/RDatasets/data/Ecdat/SP500.csv"	0.010371923446655273	0.019045114517211914	0.00331902503967285
"/Users/johnmyleswhite/.julia/RDatasets/data/Ecdat/Star.csv"	0.09412813186645508	0.1931929588317871	0.0199511051177979
"/Users/johnmyleswhite/.julia/RDatasets/data/Ecdat/Strike.csv"	0.00041985511779785156	0.0005970001220703125	0.000454902648925781
"/Users/johnmyleswhite/.julia/RDatasets/data/Ecdat/StrikeDur.csv"	0.002741098403930664	0.021329879760742188	0.00090789794921875
"/Users/johnmyleswhite/.julia/RDatasets/data/Ecdat/StrikeNb.csv"	0.0007929801940917969	0.0011959075927734375	0.000461101531982422
"/Users/johnmyleswhite/.julia/RDatasets/data/Ecdat/SumHes.csv"	0.030303001403808594	0.10555005073547363	0.0095970630645752
"/Users/johnmyleswhite/.julia/RDatasets/data/Ecdat/Tobacco.csv"	0.05750012397766113	0.08196187019348145	0.010563850402832
"/Users/johnmyleswhite/.julia/RDatasets/data/Ecdat/Train.csv"	0.06397485733032227	0.09245014190673828	0.0101289749145508
"/Users/johnmyleswhite/.julia/RDatasets/data/Ecdat/TranspEq.csv"	0.0003631114959716797	0.0005891323089599609	0.000486135482788086
"/Users/johnmyleswhite/.julia/RDatasets/data/Ecdat/Treatment.csv"	0.05150294303894043	NA	0.0176219940185547
"/Users/johnmyleswhite/.julia/RDatasets/data/Ecdat/Tuna.csv"	0.27352190017700195	0.4586820602416992	0.0403609275817871
"/Users/johnmyleswhite/.julia/RDatasets/data/Ecdat/UnempDur.csv"	0.08187317848205566	0.1221458911895752	0.0117740631103516
"/Users/johnmyleswhite/.julia/RDatasets/data/Ecdat/Unemployment.csv"	0.006844997406005859	0.015048980712890625	0.00199604034423828
"/Users/johnmyleswhite/.julia/RDatasets/data/Ecdat/University.csv"	0.0016851425170898438	0.002382993698120117	0.00125789642333984
"/Users/johnmyleswhite/.julia/RDatasets/data/Ecdat/VietNamI.csv"	0.9140470027923584	1.371833086013794	0.107602834701538
"/Users/johnmyleswhite/.julia/RDatasets/data/Ecdat/Wages.csv"	0.11176800727844238	0.21267318725585938	0.0193660259246826
"/Users/johnmyleswhite/.julia/RDatasets/data/Ecdat/Wages1.csv"	0.045506954193115234	0.06159806251525879	0.00968694686889648
"/Users/johnmyleswhite/.julia/RDatasets/data/Ecdat/Workinghours.csv"	0.07719898223876953	0.12957191467285156	0.0110270977020264
"/Users/johnmyleswhite/.julia/RDatasets/data/Ecdat/Yen.csv"	0.007616996765136719	0.010322093963623047	0.00682282447814941
"/Users/johnmyleswhite/.julia/RDatasets/data/Ecdat/Yogurt.csv"	0.05756497383117676	0.07467198371887207	0.00925016403198242
"/Users/johnmyleswhite/.julia/RDatasets/data/gap/aldh2.csv"	0.006565093994140625	0.023941993713378906	0.00210404396057129
"/Users/johnmyleswhite/.julia/RDatasets/data/gap/apoeapoc.csv"	0.004602193832397461	0.006426095962524414	0.00111913681030273
"/Users/johnmyleswhite/.julia/RDatasets/data/gap/cf.csv"	0.005825042724609375	0.008149862289428711	0.00146889686584473
"/Users/johnmyleswhite/.julia/RDatasets/data/gap/crohn.csv"	0.18988800048828125	0.18115687370300293	0.019726037979126
"/Users/johnmyleswhite/.julia/RDatasets/data/gap/fa.csv"	0.002618074417114258	0.003414154052734375	0.000880956649780273
"/Users/johnmyleswhite/.julia/RDatasets/data/gap/fsnps.csv"	0.004067897796630859	0.014895915985107422	0.0015709400177002
"/Users/johnmyleswhite/.julia/RDatasets/data/gap/hla.csv"	0.0030519962310791016	0.020090818405151367	0.00092315673828125
"/Users/johnmyleswhite/.julia/RDatasets/data/gap/lukas.csv"	0.0007038116455078125	0.0012180805206298828	0.00043487548828125
"/Users/johnmyleswhite/.julia/RDatasets/data/gap/mao.csv"	0.005879878997802734	NA	0.00347685813903809
"/Users/johnmyleswhite/.julia/RDatasets/data/gap/mhtdata.csv"	5.149898052215576	14.289304971694946	4.67838406562805
"/Users/johnmyleswhite/.julia/RDatasets/data/gap/nep499.csv"	0.01746201515197754	0.09373092651367188	0.00327014923095703
"/Users/johnmyleswhite/.julia/RDatasets/data/gap/PD.csv"	0.016961097717285156	NA	0.00865006446838379
"/Users/johnmyleswhite/.julia/RDatasets/data/ggplot2/diamonds.csv"	1.5613369941711426	3.5430068969726562	0.279165029525757
"/Users/johnmyleswhite/.julia/RDatasets/data/ggplot2/economics.csv"	0.0050389766693115234	0.04187488555908203	0.00210714340209961
"/Users/johnmyleswhite/.julia/RDatasets/data/ggplot2/midwest.csv"	0.01784801483154297	0.06224799156188965	0.00790596008300781
"/Users/johnmyleswhite/.julia/RDatasets/data/ggplot2/movies.csv"	6.192290782928467	NA	0.765115022659302
"/Users/johnmyleswhite/.julia/RDatasets/data/ggplot2/mpg.csv"	0.004113912582397461	0.009324073791503906	0.00147199630737305
"/Users/johnmyleswhite/.julia/RDatasets/data/ggplot2/msleep.csv"	0.0013949871063232422	NA	0.00114297866821289
"/Users/johnmyleswhite/.julia/RDatasets/data/ggplot2/presidential.csv"	0.00012993812561035156	0.00026607513427734375	0.000423908233642578
"/Users/johnmyleswhite/.julia/RDatasets/data/ggplot2/seals.csv"	0.010087013244628906	0.08046793937683105	0.00465607643127441
"/Users/johnmyleswhite/.julia/RDatasets/data/HistData/Arbuthnot.csv"	0.0012440681457519531	0.0015411376953125	0.0009918212890625
"/Users/johnmyleswhite/.julia/RDatasets/data/HistData/Bowley.csv"	0.0002880096435546875	0.00044798851013183594	0.000421047210693359
"/Users/johnmyleswhite/.julia/RDatasets/data/HistData/Cavendish.csv"	0.0002551078796386719	NA	0.000367879867553711
"/Users/johnmyleswhite/.julia/RDatasets/data/HistData/ChestSizes.csv"	0.00013208389282226562	0.0002028942108154297	0.00031590461730957
"/Users/johnmyleswhite/.julia/RDatasets/data/HistData/CushnyPebbles.csv"	0.00015687942504882812	NA	0.000378847122192383
"/Users/johnmyleswhite/.julia/RDatasets/data/HistData/CushnyPebblesN.csv"	0.0001380443572998047	0.00021004676818847656	0.000364065170288086
"/Users/johnmyleswhite/.julia/RDatasets/data/HistData/Dactyl.csv"	0.00036907196044921875	0.0008611679077148438	0.000397920608520508
"/Users/johnmyleswhite/.julia/RDatasets/data/HistData/DrinksWages.csv"	0.0006918907165527344	0.0014438629150390625	0.000631809234619141
"/Users/johnmyleswhite/.julia/RDatasets/data/HistData/Fingerprints.csv"	0.0002570152282714844	NA	0.000355005264282227
"/Users/johnmyleswhite/.julia/RDatasets/data/HistData/Galton.csv"	0.00465703010559082	0.007215976715087891	0.00124692916870117
"/Users/johnmyleswhite/.julia/RDatasets/data/HistData/GaltonFamilies.csv"	0.011786937713623047	0.03700089454650879	0.00313282012939453
"/Users/johnmyleswhite/.julia/RDatasets/data/HistData/Guerry.csv"	0.0029230117797851562	0.004620075225830078	0.0018608570098877
"/Users/johnmyleswhite/.julia/RDatasets/data/HistData/Jevons.csv"	0.00044798851013183594	0.0006649494171142578	0.000428915023803711
"/Users/johnmyleswhite/.julia/RDatasets/data/HistData/Langren.all.csv"	0.0004570484161376953	0.0010290145874023438	0.000496864318847656
"/Users/johnmyleswhite/.julia/RDatasets/data/HistData/Langren1644.csv"	0.0002338886260986328	0.000514984130859375	0.000538110733032227
"/Users/johnmyleswhite/.julia/RDatasets/data/HistData/Macdonell.csv"	0.005858898162841797	0.008803129196166992	0.0016639232635498
"/Users/johnmyleswhite/.julia/RDatasets/data/HistData/MacdonellDF.csv"	0.03013896942138672	0.026571989059448242	0.0044560432434082
"/Users/johnmyleswhite/.julia/RDatasets/data/HistData/Michelson.csv"	0.00046515464782714844	0.0007169246673583984	0.000377893447875977
"/Users/johnmyleswhite/.julia/RDatasets/data/HistData/MichelsonSets.csv"	0.00023603439331054688	0.00037097930908203125	0.000406980514526367
"/Users/johnmyleswhite/.julia/RDatasets/data/HistData/Minard.cities.csv"	0.00018095970153808594	0.00032711029052734375	0.0004119873046875
"/Users/johnmyleswhite/.julia/RDatasets/data/HistData/Minard.temp.csv"	0.0001289844512939453	0.0002110004425048828	0.000479936599731445
"/Users/johnmyleswhite/.julia/RDatasets/data/HistData/Minard.troops.csv"	0.0005002021789550781	0.0008649826049804688	0.000604152679443359
"/Users/johnmyleswhite/.julia/RDatasets/data/HistData/Nightingale.csv"	0.0004589557647705078	0.0007138252258300781	0.000581979751586914
"/Users/johnmyleswhite/.julia/RDatasets/data/HistData/OldMaps.csv"	0.004678964614868164	NA	0.00141787528991699
"/Users/johnmyleswhite/.julia/RDatasets/data/HistData/PearsonLee.csv"	0.006019115447998047	0.0300447940826416	0.00229692459106445
"/Users/johnmyleswhite/.julia/RDatasets/data/HistData/PolioTrials.csv"	0.0002040863037109375	0.0002841949462890625	0.000456094741821289
"/Users/johnmyleswhite/.julia/RDatasets/data/HistData/Prostitutes.csv"	0.0038590431213378906	0.007858037948608398	0.0016021728515625
"/Users/johnmyleswhite/.julia/RDatasets/data/HistData/Pyx.csv"	0.000469207763671875	0.0012650489807128906	0.000486850738525391
"/Users/johnmyleswhite/.julia/RDatasets/data/HistData/Quarrels.csv"	0.1585681438446045	0.25792384147644043	0.0175211429595947
"/Users/johnmyleswhite/.julia/RDatasets/data/HistData/Snow.deaths.csv"	0.004018068313598633	0.005800962448120117	0.00139188766479492
"/Users/johnmyleswhite/.julia/RDatasets/data/HistData/Snow.polygons.csv"	0.0005071163177490234	0.0007028579711914062	0.000444889068603516
"/Users/johnmyleswhite/.julia/RDatasets/data/HistData/Snow.pumps.csv"	0.0001850128173828125	0.00029587745666503906	0.000380992889404297
"/Users/johnmyleswhite/.julia/RDatasets/data/HistData/Snow.streets.csv"	0.01002812385559082	0.014229059219360352	0.00271296501159668
"/Users/johnmyleswhite/.julia/RDatasets/data/HistData/Yeast.csv"	0.0002949237823486328	0.0005469322204589844	0.000381946563720703
"/Users/johnmyleswhite/.julia/RDatasets/data/HistData/YeastD.mat.csv"	0.0006468296051025391	0.0009818077087402344	0.000593900680541992
"/Users/johnmyleswhite/.julia/RDatasets/data/HistData/ZeaMays.csv"	0.0002009868621826172	0.00032806396484375	0.00037693977355957
"/Users/johnmyleswhite/.julia/RDatasets/data/lattice/barley.csv"	0.0007989406585693359	0.0020699501037597656	0.000609874725341797
"/Users/johnmyleswhite/.julia/RDatasets/data/lattice/environmental.csv"	0.0008630752563476562	0.0013611316680908203	0.000490188598632812
"/Users/johnmyleswhite/.julia/RDatasets/data/lattice/ethanol.csv"	0.0005979537963867188	0.0009109973907470703	0.000443935394287109
"/Users/johnmyleswhite/.julia/RDatasets/data/lattice/melanoma.csv"	0.00022602081298828125	0.0003561973571777344	0.000464916229248047
"/Users/johnmyleswhite/.julia/RDatasets/data/lattice/singer.csv"	0.0010039806365966797	0.019633054733276367	0.000565052032470703
"/Users/johnmyleswhite/.julia/RDatasets/data/MASS/abbey.csv"	0.00025200843811035156	0.0003159046173095703	0.000300884246826172
"/Users/johnmyleswhite/.julia/RDatasets/data/MASS/Aids2.csv"	0.024422168731689453	0.08543992042541504	0.00706791877746582
"/Users/johnmyleswhite/.julia/RDatasets/data/MASS/Animals.csv"	0.0002498626708984375	0.0003368854522705078	0.000416040420532227
"/Users/johnmyleswhite/.julia/RDatasets/data/MASS/anorexia.csv"	0.00047278404235839844	0.0009088516235351562	0.00043177604675293
"/Users/johnmyleswhite/.julia/RDatasets/data/MASS/bacteria.csv"	0.0013759136199951172	0.0051021575927734375	0.000782012939453125
"/Users/johnmyleswhite/.julia/RDatasets/data/MASS/beav1.csv"	0.0009059906005859375	0.0013670921325683594	0.000504970550537109
"/Users/johnmyleswhite/.julia/RDatasets/data/MASS/beav2.csv"	0.000823974609375	0.01569986343383789	0.000471115112304688
"/Users/johnmyleswhite/.julia/RDatasets/data/MASS/biopsy.csv"	0.011126041412353516	NA	0.00239801406860352
"/Users/johnmyleswhite/.julia/RDatasets/data/MASS/birthwt.csv"	0.002664804458618164	0.004121065139770508	0.000852108001708984
"/Users/johnmyleswhite/.julia/RDatasets/data/MASS/Boston.csv"	0.01079106330871582	0.02953791618347168	0.00333499908447266
"/Users/johnmyleswhite/.julia/RDatasets/data/MASS/cabbages.csv"	0.0005319118499755859	0.0010199546813964844	0.000437021255493164
"/Users/johnmyleswhite/.julia/RDatasets/data/MASS/caith.csv"	0.00010013580322265625	0.00015211105346679688	0.000360965728759766
"/Users/johnmyleswhite/.julia/RDatasets/data/MASS/Cars93.csv"	0.0032739639282226562	NA	0.00198602676391602
"/Users/johnmyleswhite/.julia/RDatasets/data/MASS/cats.csv"	0.0008511543273925781	0.0017299652099609375	0.000475168228149414
"/Users/johnmyleswhite/.julia/RDatasets/data/MASS/cement.csv"	0.0001900196075439453	0.00026988983154296875	0.000348091125488281
"/Users/johnmyleswhite/.julia/RDatasets/data/MASS/chem.csv"	0.00013494491577148438	0.0002090930938720703	0.000303030014038086
"/Users/johnmyleswhite/.julia/RDatasets/data/MASS/coop.csv"	0.0013349056243896484	0.0039899349212646484	0.00068211555480957
"/Users/johnmyleswhite/.julia/RDatasets/data/MASS/cpus.csv"	0.0027709007263183594	0.004751920700073242	0.00129389762878418
"/Users/johnmyleswhite/.julia/RDatasets/data/MASS/crabs.csv"	0.0023910999298095703	0.004542112350463867	0.035646915435791
"/Users/johnmyleswhite/.julia/RDatasets/data/MASS/Cushings.csv"	0.0002319812774658203	0.0003998279571533203	0.00043177604675293
"/Users/johnmyleswhite/.julia/RDatasets/data/MASS/DDT.csv"	0.00010514259338378906	0.00015807151794433594	0.000290155410766602
"/Users/johnmyleswhite/.julia/RDatasets/data/MASS/eagles.csv"	0.00011396408081054688	0.00024700164794921875	0.00034022331237793
"/Users/johnmyleswhite/.julia/RDatasets/data/MASS/epil.csv"	0.017659902572631836	0.005294084548950195	0.00124192237854004
"/Users/johnmyleswhite/.julia/RDatasets/data/MASS/farms.csv"	0.00017881393432617188	0.0004558563232421875	0.000378847122192383
"/Users/johnmyleswhite/.julia/RDatasets/data/MASS/fgl.csv"	0.003612995147705078	0.005324840545654297	0.00132417678833008
"/Users/johnmyleswhite/.julia/RDatasets/data/MASS/forbes.csv"	0.00019311904907226562	0.00024819374084472656	0.000322103500366211
"/Users/johnmyleswhite/.julia/RDatasets/data/MASS/GAGurine.csv"	0.0016450881958007812	0.002527952194213867	0.000610113143920898
"/Users/johnmyleswhite/.julia/RDatasets/data/MASS/galaxies.csv"	0.0003180503845214844	0.0005619525909423828	0.000355958938598633
"/Users/johnmyleswhite/.julia/RDatasets/data/MASS/gehan.csv"	0.0003249645233154297	0.0006251335144042969	0.000383853912353516
"/Users/johnmyleswhite/.julia/RDatasets/data/MASS/genotype.csv"	0.0003170967102050781	0.0008349418640136719	0.000388145446777344
"/Users/johnmyleswhite/.julia/RDatasets/data/MASS/geyser.csv"	0.0014600753784179688	0.002346038818359375	0.000805854797363281
"/Users/johnmyleswhite/.julia/RDatasets/data/MASS/gilgais.csv"	0.00577998161315918	0.007411956787109375	0.00137805938720703
"/Users/johnmyleswhite/.julia/RDatasets/data/MASS/hills.csv"	0.00029397010803222656	0.0004432201385498047	0.000433921813964844
"/Users/johnmyleswhite/.julia/RDatasets/data/MASS/housing.csv"	0.0004658699035644531	0.0014679431915283203	0.000487804412841797
"/Users/johnmyleswhite/.julia/RDatasets/data/MASS/immer.csv"	0.00024509429931640625	0.0005581378936767578	0.000384092330932617
"/Users/johnmyleswhite/.julia/RDatasets/data/MASS/Insurance.csv"	0.0004940032958984375	0.0012581348419189453	0.000472068786621094
"/Users/johnmyleswhite/.julia/RDatasets/data/MASS/leuk.csv"	0.0002238750457763672	0.0004761219024658203	0.000360965728759766
"/Users/johnmyleswhite/.julia/RDatasets/data/MASS/mammals.csv"	0.0003139972686767578	0.0005831718444824219	0.0004730224609375
"/Users/johnmyleswhite/.julia/RDatasets/data/MASS/mcycle.csv"	0.0006818771362304688	0.0011219978332519531	0.000447988510131836
"/Users/johnmyleswhite/.julia/RDatasets/data/MASS/Melanoma.csv"	0.002254962921142578	0.018517017364501953	0.00104594230651855
"/Users/johnmyleswhite/.julia/RDatasets/data/MASS/menarche.csv"	0.00030493736267089844	0.00035190582275390625	0.00037693977355957
"/Users/johnmyleswhite/.julia/RDatasets/data/MASS/michelson.csv"	0.0006711483001708984	0.0014450550079345703	0.000429153442382812
"/Users/johnmyleswhite/.julia/RDatasets/data/MASS/minn38.csv"	0.0010519027709960938	0.0034079551696777344	0.000597000122070312
"/Users/johnmyleswhite/.julia/RDatasets/data/MASS/motors.csv"	0.0002949237823486328	0.0004971027374267578	0.000361204147338867
"/Users/johnmyleswhite/.julia/RDatasets/data/MASS/muscle.csv"	0.0003769397735595703	0.0007631778717041016	0.000413894653320312
"/Users/johnmyleswhite/.julia/RDatasets/data/MASS/newcomb.csv"	0.0002739429473876953	0.00046515464782714844	0.000313043594360352
"/Users/johnmyleswhite/.julia/RDatasets/data/MASS/nlschools.csv"	0.023366928100585938	0.05885815620422363	0.00498390197753906
"/Users/johnmyleswhite/.julia/RDatasets/data/MASS/npk.csv"	0.00034117698669433594	0.0005929470062255859	0.000425100326538086
"/Users/johnmyleswhite/.julia/RDatasets/data/MASS/npr1.csv"	0.0007700920104980469	0.0012462139129638672	0.000821113586425781
"/Users/johnmyleswhite/.julia/RDatasets/data/MASS/oats.csv"	0.0004329681396484375	0.0012462139129638672	0.000494003295898438
"/Users/johnmyleswhite/.julia/RDatasets/data/MASS/OME.csv"	0.010470867156982422	0.03711104393005371	0.00300908088684082
"/Users/johnmyleswhite/.julia/RDatasets/data/MASS/painters.csv"	0.0005269050598144531	0.0009329319000244141	0.000550031661987305
"/Users/johnmyleswhite/.julia/RDatasets/data/MASS/petrol.csv"	0.00038313865661621094	0.0006320476531982422	0.000424861907958984
"/Users/johnmyleswhite/.julia/RDatasets/data/MASS/Pima.te.csv"	0.004271984100341797	0.006672859191894531	0.00120091438293457
"/Users/johnmyleswhite/.julia/RDatasets/data/MASS/Pima.tr.csv"	0.002521991729736328	0.004046916961669922	0.000871896743774414
"/Users/johnmyleswhite/.julia/RDatasets/data/MASS/Pima.tr2.csv"	0.003506898880004883	NA	0.00109696388244629
"/Users/johnmyleswhite/.julia/RDatasets/data/MASS/quine.csv"	0.00086212158203125	0.002856016159057617	0.000560998916625977
"/Users/johnmyleswhite/.julia/RDatasets/data/MASS/Rabbit.csv"	0.0004489421844482422	0.0011568069458007812	0.000503063201904297
"/Users/johnmyleswhite/.julia/RDatasets/data/MASS/road.csv"	0.00030684471130371094	0.0004940032958984375	0.000458955764770508
"/Users/johnmyleswhite/.julia/RDatasets/data/MASS/rotifer.csv"	0.0002338886260986328	0.0003590583801269531	0.000391006469726562
"/Users/johnmyleswhite/.julia/RDatasets/data/MASS/Rubber.csv"	0.0002231597900390625	0.00036787986755371094	0.0003509521484375
"/Users/johnmyleswhite/.julia/RDatasets/data/MASS/ships.csv"	0.00046515464782714844	NA	0.000751972198486328
"/Users/johnmyleswhite/.julia/RDatasets/data/MASS/shrimp.csv"	0.00011086463928222656	0.00017499923706054688	0.000296831130981445
"/Users/johnmyleswhite/.julia/RDatasets/data/MASS/shuttle.csv"	0.0015530586242675781	0.021743059158325195	0.000984907150268555
"/Users/johnmyleswhite/.julia/RDatasets/data/MASS/Sitka.csv"	0.002904176712036133	0.00516200065612793	0.000931024551391602
"/Users/johnmyleswhite/.julia/RDatasets/data/MASS/Sitka89.csv"	0.0042629241943359375	0.008062124252319336	0.0012669563293457
"/Users/johnmyleswhite/.julia/RDatasets/data/MASS/Skye.csv"	0.0002219676971435547	0.0003120899200439453	0.000337123870849609
"/Users/johnmyleswhite/.julia/RDatasets/data/MASS/snails.csv"	0.0008978843688964844	0.0016858577728271484	0.000576972961425781
"/Users/johnmyleswhite/.julia/RDatasets/data/MASS/SP500.csv"	0.00993800163269043	0.03431892395019531	0.00305581092834473
"/Users/johnmyleswhite/.julia/RDatasets/data/MASS/steam.csv"	0.0001919269561767578	0.0002200603485107422	0.000341892242431641
"/Users/johnmyleswhite/.julia/RDatasets/data/MASS/stormer.csv"	0.00021219253540039062	0.0003039836883544922	0.000381946563720703
"/Users/johnmyleswhite/.julia/RDatasets/data/MASS/survey.csv"	0.0034360885620117188	NA	0.0015099048614502
"/Users/johnmyleswhite/.julia/RDatasets/data/MASS/synth.te.csv"	0.006604909896850586	0.009979963302612305	0.00224590301513672
"/Users/johnmyleswhite/.julia/RDatasets/data/MASS/synth.tr.csv"	0.0016450881958007812	0.0025801658630371094	0.000769853591918945
"/Users/johnmyleswhite/.julia/RDatasets/data/MASS/topo.csv"	0.00036907196044921875	0.0005810260772705078	0.00037693977355957
"/Users/johnmyleswhite/.julia/RDatasets/data/MASS/Traffic.csv"	0.0011830329895019531	0.002722024917602539	0.000840902328491211
"/Users/johnmyleswhite/.julia/RDatasets/data/MASS/UScereal.csv"	0.0010800361633300781	0.0019948482513427734	0.000821828842163086
"/Users/johnmyleswhite/.julia/RDatasets/data/MASS/UScrime.csv"	0.0011479854583740234	0.001711130142211914	0.000717878341674805
"/Users/johnmyleswhite/.julia/RDatasets/data/MASS/VA.csv"	0.0018200874328613281	0.003275156021118164	0.000702142715454102
"/Users/johnmyleswhite/.julia/RDatasets/data/MASS/waders.csv"	0.0005009174346923828	0.0007741451263427734	0.00059199333190918
"/Users/johnmyleswhite/.julia/RDatasets/data/MASS/whiteside.csv"	0.0003581047058105469	0.0007100105285644531	0.00043797492980957
"/Users/johnmyleswhite/.julia/RDatasets/data/MASS/wtloss.csv"	0.0002989768981933594	0.0005929470062255859	0.000364065170288086
"/Users/johnmyleswhite/.julia/RDatasets/data/nlreg/C1.csv"	0.014923095703125	0.0005829334259033203	0.000421047210693359
"/Users/johnmyleswhite/.julia/RDatasets/data/nlreg/C2.csv"	0.0003681182861328125	0.0005581378936767578	0.00038909912109375
"/Users/johnmyleswhite/.julia/RDatasets/data/nlreg/C3.csv"	0.00045609474182128906	0.0006899833679199219	0.000392913818359375
"/Users/johnmyleswhite/.julia/RDatasets/data/nlreg/C4.csv"	0.00037598609924316406	0.0005710124969482422	0.000391006469726562
"/Users/johnmyleswhite/.julia/RDatasets/data/nlreg/chlorsulfuron.csv"	0.0003790855407714844	0.0006711483001708984	0.000391960144042969
"/Users/johnmyleswhite/.julia/RDatasets/data/nlreg/daphnia.csv"	0.0008370876312255859	0.0011360645294189453	0.000451087951660156
"/Users/johnmyleswhite/.julia/RDatasets/data/nlreg/helicopter.csv"	0.00015807151794433594	0.00023293495178222656	0.000370025634765625
"/Users/johnmyleswhite/.julia/RDatasets/data/nlreg/M2.csv"	0.0003058910369873047	0.0004591941833496094	0.000412940979003906
"/Users/johnmyleswhite/.julia/RDatasets/data/nlreg/M4.csv"	0.0004830360412597656	0.0007600784301757812	0.000477075576782227
"/Users/johnmyleswhite/.julia/RDatasets/data/nlreg/metsulfuron.csv"	0.0003108978271484375	0.0005290508270263672	0.000422954559326172
"/Users/johnmyleswhite/.julia/RDatasets/data/nlreg/ria.csv"	0.00013589859008789062	0.00030517578125	0.000357866287231445
"/Users/johnmyleswhite/.julia/RDatasets/data/plm/Cigar.csv"	0.0211639404296875	0.04463005065917969	0.00599813461303711
"/Users/johnmyleswhite/.julia/RDatasets/data/plm/Crime.csv"	0.023614168167114258	0.04821896553039551	0.0162589550018311
"/Users/johnmyleswhite/.julia/RDatasets/data/plm/EmplUK.csv"	0.012847900390625	0.03215384483337402	0.00380992889404297
"/Users/johnmyleswhite/.julia/RDatasets/data/plm/Gasoline.csv"	0.0039670467376708984	0.00600886344909668	0.00172185897827148
"/Users/johnmyleswhite/.julia/RDatasets/data/plm/Grunfeld.csv"	0.001958131790161133	0.002727031707763672	0.000802993774414062
"/Users/johnmyleswhite/.julia/RDatasets/data/plm/Hedonic.csv"	0.011505126953125	0.031042814254760742	0.0041801929473877
"/Users/johnmyleswhite/.julia/RDatasets/data/plm/LaborSupply.csv"	0.08112597465515137	0.12062597274780273	0.0124988555908203
"/Users/johnmyleswhite/.julia/RDatasets/data/plm/Males.csv"	0.09832215309143066	0.23032093048095703	0.0240640640258789
"/Users/johnmyleswhite/.julia/RDatasets/data/plm/Produc.csv"	0.013808965682983398	0.024956941604614258	0.0048220157623291
"/Users/johnmyleswhite/.julia/RDatasets/data/plm/Snmesp.csv"	0.12360215187072754	0.17136192321777344	0.0283410549163818
"/Users/johnmyleswhite/.julia/RDatasets/data/plm/SumHes.csv"	0.04915308952331543	0.09514284133911133	0.00977706909179688
"/Users/johnmyleswhite/.julia/RDatasets/data/plm/Wages.csv"	0.09657096862792969	0.20334410667419434	0.0163900852203369
"/Users/johnmyleswhite/.julia/RDatasets/data/plyr/baseball.csv"	1.3658168315887451	NA	0.147284984588623
"/Users/johnmyleswhite/.julia/RDatasets/data/pscl/absentee.csv"	0.0005140304565429688	0.0006160736083984375	0.00056004524230957
"/Users/johnmyleswhite/.julia/RDatasets/data/pscl/admit.csv"	0.0013580322265625	0.031330108642578125	0.000546932220458984
"/Users/johnmyleswhite/.julia/RDatasets/data/pscl/AustralianElectionPolling.csv"	0.004987955093383789	NA	0.0034492015838623
"/Users/johnmyleswhite/.julia/RDatasets/data/pscl/AustralianElections.csv"	0.0008449554443359375	NA	0.000768899917602539
"/Users/johnmyleswhite/.julia/RDatasets/data/pscl/bioChemists.csv"	0.008648157119750977	0.016972780227661133	0.012380838394165
"/Users/johnmyleswhite/.julia/RDatasets/data/pscl/ca2006.csv"	0.0010068416595458984	NA	0.000945091247558594
"/Users/johnmyleswhite/.julia/RDatasets/data/pscl/EfronMorris.csv"	0.000247955322265625	0.0005249977111816406	0.000458002090454102
"/Users/johnmyleswhite/.julia/RDatasets/data/pscl/iraqVote.csv"	0.0007891654968261719	NA	0.000904083251953125
"/Users/johnmyleswhite/.julia/RDatasets/data/pscl/politicalInformation.csv"	0.03367900848388672	NA	0.00620007514953613
"/Users/johnmyleswhite/.julia/RDatasets/data/pscl/presidentialElections.csv"	0.022459983825683594	NA	0.0022130012512207
"/Users/johnmyleswhite/.julia/RDatasets/data/pscl/prussian.csv"	0.0015788078308105469	0.00315093994140625	0.000589847564697266
"/Users/johnmyleswhite/.julia/RDatasets/data/pscl/RockTheVote.csv"	0.0010051727294921875	0.0014150142669677734	0.000568151473999023
"/Users/johnmyleswhite/.julia/RDatasets/data/pscl/UKHouseOfCommons.csv"	0.009028911590576172	0.015516996383666992	0.00506901741027832
"/Users/johnmyleswhite/.julia/RDatasets/data/pscl/unionDensity.csv"	0.0002720355987548828	0.0003490447998046875	0.000438928604125977
"/Users/johnmyleswhite/.julia/RDatasets/data/pscl/vote92.csv"	0.026695966720581055	0.0201570987701416	0.00300502777099609
"/Users/johnmyleswhite/.julia/RDatasets/data/reshape2/french_fries.csv"	0.010660886764526367	NA	0.00232291221618652
"/Users/johnmyleswhite/.julia/RDatasets/data/reshape2/smiths.csv"	0.00017881393432617188	NA	0.000375032424926758
"/Users/johnmyleswhite/.julia/RDatasets/data/reshape2/tips.csv"	0.002821207046508789	0.0059850215911865234	0.0010380744934082
"/Users/johnmyleswhite/.julia/RDatasets/data/robustbase/aircraft.csv"	0.0003650188446044922	0.0004210472106933594	0.000406026840209961
"/Users/johnmyleswhite/.julia/RDatasets/data/robustbase/airmay.csv"	0.0002949237823486328	NA	0.000419139862060547
"/Users/johnmyleswhite/.julia/RDatasets/data/robustbase/alcohol.csv"	0.0006139278411865234	0.0008418560028076172	0.000584840774536133
"/Users/johnmyleswhite/.julia/RDatasets/data/robustbase/ambientNOxCH.csv"	0.008951187133789062	NA	0.00531291961669922
"/Users/johnmyleswhite/.julia/RDatasets/data/robustbase/Animals2.csv"	0.00035881996154785156	0.0006198883056640625	0.000558853149414062
"/Users/johnmyleswhite/.julia/RDatasets/data/robustbase/bushfire.csv"	0.0003628730773925781	0.0005888938903808594	0.000401973724365234
"/Users/johnmyleswhite/.julia/RDatasets/data/robustbase/carrots.csv"	0.00021600723266601562	0.0003948211669921875	0.000401020050048828
"/Users/johnmyleswhite/.julia/RDatasets/data/robustbase/cloud.csv"	0.00013899803161621094	0.00021982192993164062	0.000423908233642578
"/Users/johnmyleswhite/.julia/RDatasets/data/robustbase/coleman.csv"	0.00027298927307128906	0.00039887428283691406	0.000536918640136719
"/Users/johnmyleswhite/.julia/RDatasets/data/robustbase/condroz.csv"	0.0019500255584716797	0.003593921661376953	0.00078582763671875
"/Users/johnmyleswhite/.julia/RDatasets/data/robustbase/CrohnD.csv"	0.0014162063598632812	0.0029871463775634766	0.000777959823608398
"/Users/johnmyleswhite/.julia/RDatasets/data/robustbase/cushny.csv"	9.298324584960938e-5	0.00012803077697753906	0.000296831130981445
"/Users/johnmyleswhite/.julia/RDatasets/data/robustbase/delivery.csv"	0.00020885467529296875	0.00033283233642578125	0.000365972518920898
"/Users/johnmyleswhite/.julia/RDatasets/data/robustbase/education.csv"	0.0005400180816650391	0.0009479522705078125	0.000533819198608398
"/Users/johnmyleswhite/.julia/RDatasets/data/robustbase/epilepsy.csv"	0.0009870529174804688	0.016175031661987305	0.000614166259765625
"/Users/johnmyleswhite/.julia/RDatasets/data/robustbase/exAM.csv"	0.00017189979553222656	0.0001850128173828125	0.000301122665405273
"/Users/johnmyleswhite/.julia/RDatasets/data/robustbase/hbk.csv"	0.0006878376007080078	0.0009598731994628906	0.000435829162597656
"/Users/johnmyleswhite/.julia/RDatasets/data/robustbase/heart.csv"	0.002521991729736328	0.0037589073181152344	0.00100016593933105
"/Users/johnmyleswhite/.julia/RDatasets/data/robustbase/kootenay.csv"	0.00015997886657714844	0.0001850128173828125	0.000331878662109375
"/Users/johnmyleswhite/.julia/RDatasets/data/robustbase/lactic.csv"	0.0001499652862548828	0.0002319812774658203	0.000368118286132812
"/Users/johnmyleswhite/.julia/RDatasets/data/robustbase/milk.csv"	0.0012619495391845703	0.0016641616821289062	0.000658988952636719
"/Users/johnmyleswhite/.julia/RDatasets/data/robustbase/NOxEmissions.csv"	0.09140992164611816	0.15186381340026855	0.0376830101013184
"/Users/johnmyleswhite/.julia/RDatasets/data/robustbase/pension.csv"	0.00021910667419433594	0.0002701282501220703	0.000398874282836914
"/Users/johnmyleswhite/.julia/RDatasets/data/robustbase/phosphor.csv"	0.00018405914306640625	0.0002608299255371094	0.000371932983398438
"/Users/johnmyleswhite/.julia/RDatasets/data/robustbase/pilot.csv"	0.0001480579376220703	0.00023484230041503906	0.000317811965942383
"/Users/johnmyleswhite/.julia/RDatasets/data/robustbase/possumDiv.csv"	0.016947031021118164	0.003780841827392578	0.00079798698425293
"/Users/johnmyleswhite/.julia/RDatasets/data/robustbase/pulpfiber.csv"	0.0010118484497070312	0.0013129711151123047	0.000647068023681641
"/Users/johnmyleswhite/.julia/RDatasets/data/robustbase/radarImage.csv"	0.014598846435546875	0.02136707305908203	0.00408506393432617
"/Users/johnmyleswhite/.julia/RDatasets/data/robustbase/salinity.csv"	0.0003390312194824219	0.0004258155822753906	0.000414133071899414
"/Users/johnmyleswhite/.julia/RDatasets/data/robustbase/SiegelsEx.csv"	9.083747863769531e-5	0.00014591217041015625	0.000309944152832031
"/Users/johnmyleswhite/.julia/RDatasets/data/robustbase/starsCYG.csv"	0.00027298927307128906	0.00043487548828125	0.000361919403076172
"/Users/johnmyleswhite/.julia/RDatasets/data/robustbase/telef.csv"	0.0001628398895263672	0.0002598762512207031	0.000326871871948242
"/Users/johnmyleswhite/.julia/RDatasets/data/robustbase/toxicity.csv"	0.0006821155548095703	0.0009570121765136719	0.000616073608398438
"/Users/johnmyleswhite/.julia/RDatasets/data/robustbase/vaso.csv"	0.00029015541076660156	0.00044798851013183594	0.000378847122192383
"/Users/johnmyleswhite/.julia/RDatasets/data/robustbase/wagnerGrowth.csv"	0.0007889270782470703	0.0014050006866455078	0.000576019287109375
"/Users/johnmyleswhite/.julia/RDatasets/data/robustbase/wood.csv"	0.0002789497375488281	0.014911890029907227	0.0004119873046875
"/Users/johnmyleswhite/.julia/RDatasets/data/rpart/car.test.frame.csv"	0.0008289813995361328	NA	0.000735998153686523
"/Users/johnmyleswhite/.julia/RDatasets/data/rpart/cu.summary.csv"	0.0007910728454589844	NA	0.000924110412597656
"/Users/johnmyleswhite/.julia/RDatasets/data/rpart/kyphosis.csv"	0.0006189346313476562	0.0011818408966064453	0.000457048416137695
"/Users/johnmyleswhite/.julia/RDatasets/data/rpart/solder.csv"	0.005062103271484375	0.015156030654907227	0.00170397758483887
"/Users/johnmyleswhite/.julia/RDatasets/data/rpart/stagec.csv"	0.001789093017578125	NA	0.000820159912109375
"/Users/johnmyleswhite/.julia/RDatasets/data/sandwich/PublicSchools.csv"	0.0002560615539550781	NA	0.000427961349487305
"/Users/johnmyleswhite/.julia/RDatasets/data/sem/Bollen.csv"	0.0014040470123291016	0.0019350051879882812	0.000833034515380859
"/Users/johnmyleswhite/.julia/RDatasets/data/sem/CNES.csv"	0.007525920867919922	0.043810129165649414	0.00351691246032715
"/Users/johnmyleswhite/.julia/RDatasets/data/sem/Klein.csv"	0.0005190372467041016	0.0006501674652099609	0.00050806999206543
"/Users/johnmyleswhite/.julia/RDatasets/data/sem/Kmenta.csv"	0.0002620220184326172	0.00036597251892089844	0.000389814376831055
"/Users/johnmyleswhite/.julia/RDatasets/data/survival/bladder.csv"	0.003604888916015625	0.005774974822998047	0.000960826873779297
"/Users/johnmyleswhite/.julia/RDatasets/data/survival/cancer.csv"	0.0033550262451171875	NA	0.00101613998413086
"/Users/johnmyleswhite/.julia/RDatasets/data/survival/cgd.csv"	0.004018068313598633	0.00858306884765625	0.00176692008972168
"/Users/johnmyleswhite/.julia/RDatasets/data/survival/colon.csv"	0.05796694755554199	NA	0.0185229778289795
"/Users/johnmyleswhite/.julia/RDatasets/data/survival/heart.csv"	0.0025370121002197266	0.003549814224243164	0.00103521347045898
"/Users/johnmyleswhite/.julia/RDatasets/data/survival/kidney.csv"	0.0008270740509033203	0.016243934631347656	0.000576019287109375
"/Users/johnmyleswhite/.julia/RDatasets/data/survival/leukemia.csv"	0.00022602081298828125	0.00035309791564941406	0.000351905822753906
"/Users/johnmyleswhite/.julia/RDatasets/data/survival/logan.csv"	0.004868984222412109	0.013952016830444336	0.00192499160766602
"/Users/johnmyleswhite/.julia/RDatasets/data/survival/lung.csv"	0.0033960342407226562	NA	0.00100207328796387
"/Users/johnmyleswhite/.julia/RDatasets/data/survival/mgus.csv"	0.00392603874206543	NA	0.00138592720031738
"/Users/johnmyleswhite/.julia/RDatasets/data/survival/nwtco.csv"	0.08824300765991211	NA	0.0108199119567871
"/Users/johnmyleswhite/.julia/RDatasets/data/survival/ovarian.csv"	0.0004229545593261719	0.0005269050598144531	0.000447988510131836
"/Users/johnmyleswhite/.julia/RDatasets/data/survival/pbc.csv"	0.012072086334228516	NA	0.00304698944091797
"/Users/johnmyleswhite/.julia/RDatasets/data/survival/rats.csv"	0.0012671947479248047	0.0017719268798828125	0.000495195388793945
"/Users/johnmyleswhite/.julia/RDatasets/data/survival/stanford2.csv"	0.0017080307006835938	NA	0.000649929046630859
"/Users/johnmyleswhite/.julia/RDatasets/data/survival/tobin.csv"	0.0001850128173828125	0.0002760887145996094	0.000359058380126953
"/Users/johnmyleswhite/.julia/RDatasets/data/survival/veteran.csv"	0.0017850399017333984	0.002897977828979492	0.000706911087036133
"/Users/johnmyleswhite/.julia/RDatasets/data/vcd/Arthritis.csv"	0.0006260871887207031	0.0015759468078613281	0.000519990921020508
"/Users/johnmyleswhite/.julia/RDatasets/data/vcd/Baseball.csv"	0.009361028671264648	NA	0.00406312942504883
"/Users/johnmyleswhite/.julia/RDatasets/data/vcd/BrokenMarriage.csv"	0.015378952026367188	0.0004820823669433594	0.000412225723266602
"/Users/johnmyleswhite/.julia/RDatasets/data/vcd/Bundesliga.csv"	0.2074880599975586	0.47712087631225586	0.0694270133972168
"/Users/johnmyleswhite/.julia/RDatasets/data/vcd/Bundestag2005.csv"	0.00034809112548828125	0.0004551410675048828	0.000511884689331055
"/Users/johnmyleswhite/.julia/RDatasets/data/vcd/Butterfly.csv"	0.00021505355834960938	0.00038886070251464844	0.000337123870849609
"/Users/johnmyleswhite/.julia/RDatasets/data/vcd/CoalMiners.csv"	0.00029587745666503906	0.0007648468017578125	0.0004119873046875
"/Users/johnmyleswhite/.julia/RDatasets/data/vcd/DanishWelfare.csv"	0.0014538764953613281	0.004328012466430664	0.000734090805053711
"/Users/johnmyleswhite/.julia/RDatasets/data/vcd/Employment.csv"	0.00023102760314941406	0.0005450248718261719	0.000433921813964844
"/Users/johnmyleswhite/.julia/RDatasets/data/vcd/Federalist.csv"	9.298324584960938e-5	0.00015592575073242188	0.000307798385620117
"/Users/johnmyleswhite/.julia/RDatasets/data/vcd/Hitters.csv"	0.0013909339904785156	0.0021750926971435547	0.000840902328491211
"/Users/johnmyleswhite/.julia/RDatasets/data/vcd/HorseKicks.csv"	7.915496826171875e-5	0.000125885009765625	0.000323057174682617
"/Users/johnmyleswhite/.julia/RDatasets/data/vcd/Hospital.csv"	7.390975952148438e-5	0.00011205673217773438	0.000325202941894531
"/Users/johnmyleswhite/.julia/RDatasets/data/vcd/JobSatisfaction.csv"	0.000102996826171875	0.00023221969604492188	0.000365972518920898
"/Users/johnmyleswhite/.julia/RDatasets/data/vcd/JointSports.csv"	0.0003249645233154297	0.0008819103240966797	0.000447988510131836
"/Users/johnmyleswhite/.julia/RDatasets/data/vcd/Lifeboats.csv"	0.0002799034118652344	0.0005340576171875	0.00050806999206543
"/Users/johnmyleswhite/.julia/RDatasets/data/vcd/NonResponse.csv"	0.0001289844512939453	0.0002989768981933594	0.000383853912353516
"/Users/johnmyleswhite/.julia/RDatasets/data/vcd/OvaryCancer.csv"	0.00016498565673828125	0.00042819976806640625	0.000401973724365234
"/Users/johnmyleswhite/.julia/RDatasets/data/vcd/PreSex.csv"	0.0001628398895263672	0.0004239082336425781	0.000462055206298828
"/Users/johnmyleswhite/.julia/RDatasets/data/vcd/Punishment.csv"	0.0002880096435546875	0.0008108615875244141	0.00045013427734375
"/Users/johnmyleswhite/.julia/RDatasets/data/vcd/RepVict.csv"	0.00018215179443359375	0.0002651214599609375	0.000488042831420898
"/Users/johnmyleswhite/.julia/RDatasets/data/vcd/Saxony.csv"	0.00011587142944335938	0.0002028942108154297	0.000324010848999023
"/Users/johnmyleswhite/.julia/RDatasets/data/vcd/SexualFun.csv"	8.511543273925781e-5	0.00013303756713867188	0.000374078750610352
"/Users/johnmyleswhite/.julia/RDatasets/data/vcd/SpaceShuttle.csv"	0.0002741813659667969	NA	0.000482797622680664
"/Users/johnmyleswhite/.julia/RDatasets/data/vcd/Suicide.csv"	0.002293825149536133	0.007673025131225586	0.00113105773925781
"/Users/johnmyleswhite/.julia/RDatasets/data/vcd/Trucks.csv"	0.00026917457580566406	0.0005850791931152344	0.000456094741821289
"/Users/johnmyleswhite/.julia/RDatasets/data/vcd/UKSoccer.csv"	0.00010895729064941406	0.00016617774963378906	0.000346899032592773
"/Users/johnmyleswhite/.julia/RDatasets/data/vcd/VisualAcuity.csv"	0.00026297569274902344	0.0006120204925537109	0.000551939010620117
"/Users/johnmyleswhite/.julia/RDatasets/data/vcd/VonBort.csv"	0.0015900135040283203	0.0041370391845703125	0.000716924667358398
"/Users/johnmyleswhite/.julia/RDatasets/data/vcd/WeldonDice.csv"	0.00011992454528808594	0.00019097328186035156	0.000323057174682617
"/Users/johnmyleswhite/.julia/RDatasets/data/vcd/WomenQueue.csv"	0.00010395050048828125	0.00018215179443359375	0.000313997268676758
"/Users/johnmyleswhite/.julia/RDatasets/data/Zelig/approval.csv"	0.0010290145874023438	0.0013399124145507812	0.000618934631347656
"/Users/johnmyleswhite/.julia/RDatasets/data/Zelig/bivariate.csv"	0.0007679462432861328	0.0012159347534179688	0.000442981719970703
"/Users/johnmyleswhite/.julia/RDatasets/data/Zelig/coalition.csv"	0.0034940242767333984	0.005198955535888672	0.00102496147155762
"/Users/johnmyleswhite/.julia/RDatasets/data/Zelig/coalition2.csv"	0.02398204803466797	0.006323099136352539	0.00109601020812988
"/Users/johnmyleswhite/.julia/RDatasets/data/Zelig/eidat.csv"	0.00016498565673828125	0.00021004676818847656	0.000348091125488281
"/Users/johnmyleswhite/.julia/RDatasets/data/Zelig/free1.csv"	0.0076520442962646484	NA	0.00165796279907227
"/Users/johnmyleswhite/.julia/RDatasets/data/Zelig/free2.csv"	0.006634950637817383	NA	0.00158214569091797
"/Users/johnmyleswhite/.julia/RDatasets/data/Zelig/friendship.csv"	7.82012939453125e-5	0.00010013580322265625	0.000343084335327148
"/Users/johnmyleswhite/.julia/RDatasets/data/Zelig/grunfeld.csv"	0.0003108978271484375	0.0004508495330810547	0.000450849533081055
"/Users/johnmyleswhite/.julia/RDatasets/data/Zelig/hoff.csv"	0.0004489421844482422	0.000988006591796875	0.000455856323242188
"/Users/johnmyleswhite/.julia/RDatasets/data/Zelig/homerun.csv"	0.0022170543670654297	0.005228996276855469	0.000882148742675781
"/Users/johnmyleswhite/.julia/RDatasets/data/Zelig/immi1.csv"	0.0401759147644043	0.04772615432739258	0.00584506988525391
"/Users/johnmyleswhite/.julia/RDatasets/data/Zelig/immi2.csv"	0.023609161376953125	0.049041032791137695	0.00583195686340332
"/Users/johnmyleswhite/.julia/RDatasets/data/Zelig/immi3.csv"	0.023481130599975586	0.04871320724487305	0.00583696365356445
"/Users/johnmyleswhite/.julia/RDatasets/data/Zelig/immi4.csv"	0.023538827896118164	0.05043315887451172	0.0185251235961914
"/Users/johnmyleswhite/.julia/RDatasets/data/Zelig/immi5.csv"	0.03930401802062988	0.03441905975341797	0.00585508346557617
"/Users/johnmyleswhite/.julia/RDatasets/data/Zelig/immigration.csv"	0.03820204734802246	NA	0.0048670768737793
"/Users/johnmyleswhite/.julia/RDatasets/data/Zelig/klein.csv"	0.0007069110870361328	0.0008399486541748047	0.000680208206176758
"/Users/johnmyleswhite/.julia/RDatasets/data/Zelig/kmenta.csv"	0.00024890899658203125	0.00036907196044921875	0.000385046005249023
"/Users/johnmyleswhite/.julia/RDatasets/data/Zelig/macro.csv"	0.0035200119018554688	0.005877971649169922	0.00130105018615723
"/Users/johnmyleswhite/.julia/RDatasets/data/Zelig/MatchIt.url.csv"	0.00011205673217773438	0.00011777877807617188	0.000342845916748047
"/Users/johnmyleswhite/.julia/RDatasets/data/Zelig/mexico.csv"	0.09616899490356445	0.11555099487304688	0.00998187065124512
"/Users/johnmyleswhite/.julia/RDatasets/data/Zelig/mid.csv"	0.054924964904785156	0.0695810317993164	0.0088651180267334
"/Users/johnmyleswhite/.julia/RDatasets/data/Zelig/newpainters.csv"	0.00051116943359375	0.0007750988006591797	0.00055694580078125
"/Users/johnmyleswhite/.julia/RDatasets/data/Zelig/PErisk.csv"	0.0006611347198486328	NA	0.000607967376708984
"/Users/johnmyleswhite/.julia/RDatasets/data/Zelig/sanction.csv"	0.0010309219360351562	0.0017349720001220703	0.000568151473999023
"/Users/johnmyleswhite/.julia/RDatasets/data/Zelig/sna.ex.csv"	5.793571472167969e-5	8.416175842285156e-5	0.0004119873046875
"/Users/johnmyleswhite/.julia/RDatasets/data/Zelig/SupremeCourt.csv"	0.0006470680236816406	NA	0.000519990921020508
"/Users/johnmyleswhite/.julia/RDatasets/data/Zelig/swiss.csv"	0.0005421638488769531	0.0008180141448974609	0.000633001327514648
"/Users/johnmyleswhite/.julia/RDatasets/data/Zelig/tobin.csv"	0.0001800060272216797	0.0002741813659667969	0.000362873077392578
"/Users/johnmyleswhite/.julia/RDatasets/data/Zelig/turnout.csv"	0.01660895347595215	0.04527997970581055	0.00409889221191406
"/Users/johnmyleswhite/.julia/RDatasets/data/Zelig/voteincome.csv"	0.015622854232788086	0.04217219352722168	0.00324010848999023
"/Users/johnmyleswhite/.julia/RDatasets/data/Zelig/Weimar.csv"	0.0003559589385986328	0.00041103363037109375	0.000622987747192383
"/Users/johnmyleswhite/.julia/RDatasets/data/Zelig/Zelig.url.csv"	0.0002639293670654297	0.000720977783203125	0.000711917877197266
