"Filename","RCSVTime"
"/Users/johnmyleswhite/.julia/RDatasets/data/boot/acme.csv",0.00163412094116211
"/Users/johnmyleswhite/.julia/RDatasets/data/boot/aids.csv",0.00316286087036133
"/Users/johnmyleswhite/.julia/RDatasets/data/boot/aircondit.csv",0.000407934188842773
"/Users/johnmyleswhite/.julia/RDatasets/data/boot/aircondit7.csv",0.000378847122192383
"/Users/johnmyleswhite/.julia/RDatasets/data/boot/amis.csv",0.0171449184417725
"/Users/johnmyleswhite/.julia/RDatasets/data/boot/aml.csv",0.000392913818359375
"/Users/johnmyleswhite/.julia/RDatasets/data/boot/bigcity.csv",0.000352859497070312
"/Users/johnmyleswhite/.julia/RDatasets/data/boot/brambles.csv",0.00242805480957031
"/Users/johnmyleswhite/.julia/RDatasets/data/boot/breslow.csv",0.000411033630371094
"/Users/johnmyleswhite/.julia/RDatasets/data/boot/calcium.csv",0.000375986099243164
"/Users/johnmyleswhite/.julia/RDatasets/data/boot/cane.csv",0.000605106353759766
"/Users/johnmyleswhite/.julia/RDatasets/data/boot/capability.csv",0.000340938568115234
"/Users/johnmyleswhite/.julia/RDatasets/data/boot/catsM.csv",0.000465154647827148
"/Users/johnmyleswhite/.julia/RDatasets/data/boot/cav.csv",0.000429153442382812
"/Users/johnmyleswhite/.julia/RDatasets/data/boot/cd4.csv",0.00333309173583984
"/Users/johnmyleswhite/.julia/RDatasets/data/boot/channing.csv",0.00269007682800293
"/Users/johnmyleswhite/.julia/RDatasets/data/boot/city.csv",0.000326156616210938
"/Users/johnmyleswhite/.julia/RDatasets/data/boot/claridge.csv",0.000342845916748047
"/Users/johnmyleswhite/.julia/RDatasets/data/boot/cloth.csv",0.000344991683959961
"/Users/johnmyleswhite/.julia/RDatasets/data/boot/co.transfer.csv",0.000326156616210938
"/Users/johnmyleswhite/.julia/RDatasets/data/boot/coal.csv",0.00052189826965332
"/Users/johnmyleswhite/.julia/RDatasets/data/boot/darwin.csv",0.000316143035888672
"/Users/johnmyleswhite/.julia/RDatasets/data/boot/dogs.csv",0.000330924987792969
"/Users/johnmyleswhite/.julia/RDatasets/data/boot/downs.bc.csv",0.000364065170288086
"/Users/johnmyleswhite/.julia/RDatasets/data/boot/ducks.csv",0.00033116340637207
"/Users/johnmyleswhite/.julia/RDatasets/data/boot/fir.csv",0.000361919403076172
"/Users/johnmyleswhite/.julia/RDatasets/data/boot/frets.csv",0.0216450691223145
"/Users/johnmyleswhite/.julia/RDatasets/data/boot/grav.csv",0.000391006469726562
"/Users/johnmyleswhite/.julia/RDatasets/data/boot/gravity.csv",0.000391006469726562
"/Users/johnmyleswhite/.julia/RDatasets/data/boot/hirose.csv",0.000391960144042969
"/Users/johnmyleswhite/.julia/RDatasets/data/boot/islay.csv",0.000319004058837891
"/Users/johnmyleswhite/.julia/RDatasets/data/boot/melanoma.csv",0.000384092330932617
"/Users/johnmyleswhite/.julia/RDatasets/data/boot/motor.csv",0.00049591064453125
"/Users/johnmyleswhite/.julia/RDatasets/data/boot/neuro.csv",0.0014808177947998
"/Users/johnmyleswhite/.julia/RDatasets/data/boot/nitrofen.csv",0.000426054000854492
"/Users/johnmyleswhite/.julia/RDatasets/data/boot/nodal.csv",0.000452041625976562
"/Users/johnmyleswhite/.julia/RDatasets/data/boot/nuclear.csv",0.000563859939575195
"/Users/johnmyleswhite/.julia/RDatasets/data/boot/paulsen.csv",0.000510931015014648
"/Users/johnmyleswhite/.julia/RDatasets/data/boot/poisons.csv",0.000449895858764648
"/Users/johnmyleswhite/.julia/RDatasets/data/boot/polar.csv",0.000384807586669922
"/Users/johnmyleswhite/.julia/RDatasets/data/boot/remission.csv",0.000345945358276367
"/Users/johnmyleswhite/.julia/RDatasets/data/boot/salinity.csv",0.000380039215087891
"/Users/johnmyleswhite/.julia/RDatasets/data/boot/survival.csv",0.000341176986694336
"/Users/johnmyleswhite/.julia/RDatasets/data/boot/tau.csv",0.000669002532958984
"/Users/johnmyleswhite/.julia/RDatasets/data/boot/tuna.csv",0.000355005264282227
"/Users/johnmyleswhite/.julia/RDatasets/data/boot/urine.csv",0.000677824020385742
"/Users/johnmyleswhite/.julia/RDatasets/data/car/Adler.csv",0.000522136688232422
"/Users/johnmyleswhite/.julia/RDatasets/data/car/AMSsurvey.csv",0.000479936599731445
"/Users/johnmyleswhite/.julia/RDatasets/data/car/Angell.csv",0.000519037246704102
"/Users/johnmyleswhite/.julia/RDatasets/data/car/Anscombe.csv",0.000513076782226562
"/Users/johnmyleswhite/.julia/RDatasets/data/car/Baumann.csv",0.000504016876220703
"/Users/johnmyleswhite/.julia/RDatasets/data/car/Bfox.csv",0.00046992301940918
"/Users/johnmyleswhite/.julia/RDatasets/data/car/Blackmoor.csv",0.00207400321960449
"/Users/johnmyleswhite/.julia/RDatasets/data/car/Burt.csv",0.000397920608520508
"/Users/johnmyleswhite/.julia/RDatasets/data/car/CanPop.csv",0.00034785270690918
"/Users/johnmyleswhite/.julia/RDatasets/data/car/Chile.csv",0.0102238655090332
"/Users/johnmyleswhite/.julia/RDatasets/data/car/Chirot.csv",0.000536918640136719
"/Users/johnmyleswhite/.julia/RDatasets/data/car/Cowles.csv",0.00245118141174316
"/Users/johnmyleswhite/.julia/RDatasets/data/car/Davis.csv",0.000710964202880859
"/Users/johnmyleswhite/.julia/RDatasets/data/car/DavisThin.csv",0.000706911087036133
"/Users/johnmyleswhite/.julia/RDatasets/data/car/Depredations.csv",0.00115203857421875
"/Users/johnmyleswhite/.julia/RDatasets/data/car/Duncan.csv",0.000532150268554688
"/Users/johnmyleswhite/.julia/RDatasets/data/car/Ericksen.csv",0.000857830047607422
"/Users/johnmyleswhite/.julia/RDatasets/data/car/Florida.csv",0.000854015350341797
"/Users/johnmyleswhite/.julia/RDatasets/data/car/Freedman.csv",0.000719070434570312
"/Users/johnmyleswhite/.julia/RDatasets/data/car/Friendly.csv",0.000391960144042969
"/Users/johnmyleswhite/.julia/RDatasets/data/car/Ginzberg.csv",0.000751972198486328
"/Users/johnmyleswhite/.julia/RDatasets/data/car/Greene.csv",0.00172090530395508
"/Users/johnmyleswhite/.julia/RDatasets/data/car/Guyer.csv",0.000380992889404297
"/Users/johnmyleswhite/.julia/RDatasets/data/car/Hartnagel.csv",0.000545978546142578
"/Users/johnmyleswhite/.julia/RDatasets/data/car/Highway1.csv",0.000633955001831055
"/Users/johnmyleswhite/.julia/RDatasets/data/car/Leinhardt.csv",0.000720977783203125
"/Users/johnmyleswhite/.julia/RDatasets/data/car/Mandel.csv",0.000327110290527344
"/Users/johnmyleswhite/.julia/RDatasets/data/car/Migration.csv",0.000716924667358398
"/Users/johnmyleswhite/.julia/RDatasets/data/car/Moore.csv",0.000432968139648438
"/Users/johnmyleswhite/.julia/RDatasets/data/car/Mroz.csv",0.00454807281494141
"/Users/johnmyleswhite/.julia/RDatasets/data/car/OBrienKaiser.csv",0.000600099563598633
"/Users/johnmyleswhite/.julia/RDatasets/data/car/Ornstein.csv",0.000715017318725586
"/Users/johnmyleswhite/.julia/RDatasets/data/car/Pottery.csv",0.000455856323242188
"/Users/johnmyleswhite/.julia/RDatasets/data/car/Prestige.csv",0.000947952270507812
"/Users/johnmyleswhite/.julia/RDatasets/data/car/Quartet.csv",0.000423908233642578
"/Users/johnmyleswhite/.julia/RDatasets/data/car/Robey.csv",0.00049901008605957
"/Users/johnmyleswhite/.julia/RDatasets/data/car/Sahlins.csv",0.000344991683959961
"/Users/johnmyleswhite/.julia/RDatasets/data/car/Salaries.csv",0.00220513343811035
"/Users/johnmyleswhite/.julia/RDatasets/data/car/SLID.csv",0.0187199115753174
"/Users/johnmyleswhite/.julia/RDatasets/data/car/Soils.csv",0.000870943069458008
"/Users/johnmyleswhite/.julia/RDatasets/data/car/States.csv",0.000606060028076172
"/Users/johnmyleswhite/.julia/RDatasets/data/car/Transact.csv",0.000679969787597656
"/Users/johnmyleswhite/.julia/RDatasets/data/car/UN.csv",0.000638961791992188
"/Users/johnmyleswhite/.julia/RDatasets/data/car/USPop.csv",0.000358104705810547
"/Users/johnmyleswhite/.julia/RDatasets/data/car/Vocab.csv",0.0399880409240723
"/Users/johnmyleswhite/.julia/RDatasets/data/car/WeightLoss.csv",0.000529050827026367
"/Users/johnmyleswhite/.julia/RDatasets/data/car/Womenlf.csv",0.00082707405090332
"/Users/johnmyleswhite/.julia/RDatasets/data/car/Wool.csv",0.00238680839538574
"/Users/johnmyleswhite/.julia/RDatasets/data/cluster/agriculture.csv",0.000371932983398438
"/Users/johnmyleswhite/.julia/RDatasets/data/cluster/animals.csv",0.00042414665222168
"/Users/johnmyleswhite/.julia/RDatasets/data/cluster/chorSub.csv",0.000591039657592773
"/Users/johnmyleswhite/.julia/RDatasets/data/cluster/flower.csv",0.0004119873046875
"/Users/johnmyleswhite/.julia/RDatasets/data/cluster/plantTraits.csv",0.00186681747436523
"/Users/johnmyleswhite/.julia/RDatasets/data/cluster/pluton.csv",0.000474929809570312
"/Users/johnmyleswhite/.julia/RDatasets/data/cluster/ruspini.csv",0.000365018844604492
"/Users/johnmyleswhite/.julia/RDatasets/data/cluster/votes.repub.csv",0.00144791603088379
"/Users/johnmyleswhite/.julia/RDatasets/data/cluster/xclara.csv",0.00853610038757324
"/Users/johnmyleswhite/.julia/RDatasets/data/COUNT/affairs.csv",0.00274109840393066
"/Users/johnmyleswhite/.julia/RDatasets/data/COUNT/azdrg112.csv",0.00225305557250977
"/Users/johnmyleswhite/.julia/RDatasets/data/COUNT/azpro.csv",0.00712394714355469
"/Users/johnmyleswhite/.julia/RDatasets/data/COUNT/badhealth.csv",0.00495386123657227
"/Users/johnmyleswhite/.julia/RDatasets/data/COUNT/fasttrakg.csv",0.000611066818237305
"/Users/johnmyleswhite/.julia/RDatasets/data/COUNT/lbw.csv",0.00107598304748535
"/Users/johnmyleswhite/.julia/RDatasets/data/COUNT/lbwgrp.csv",0.000488996505737305
"/Users/johnmyleswhite/.julia/RDatasets/data/COUNT/loomis.csv",0.00170588493347168
"/Users/johnmyleswhite/.julia/RDatasets/data/COUNT/mdvis.csv",0.0125651359558105
"/Users/johnmyleswhite/.julia/RDatasets/data/COUNT/medpar.csv",0.00524687767028809
"/Users/johnmyleswhite/.julia/RDatasets/data/COUNT/rwm.csv",0.0552949905395508
"/Users/johnmyleswhite/.julia/RDatasets/data/COUNT/rwm5yr.csv",0.176719188690186
"/Users/johnmyleswhite/.julia/RDatasets/data/COUNT/ships.csv",0.000718832015991211
"/Users/johnmyleswhite/.julia/RDatasets/data/COUNT/titanic.csv",0.00195813179016113
"/Users/johnmyleswhite/.julia/RDatasets/data/COUNT/titgrp.csv",0.000420093536376953
"/Users/johnmyleswhite/.julia/RDatasets/data/datasets/airquality.csv",0.000627994537353516
"/Users/johnmyleswhite/.julia/RDatasets/data/datasets/anscombe.csv",0.000428915023803711
"/Users/johnmyleswhite/.julia/RDatasets/data/datasets/attenu.csv",0.00103211402893066
"/Users/johnmyleswhite/.julia/RDatasets/data/datasets/attitude.csv",0.000456809997558594
"/Users/johnmyleswhite/.julia/RDatasets/data/datasets/BOD.csv",0.000311136245727539
"/Users/johnmyleswhite/.julia/RDatasets/data/datasets/cars.csv",0.000341892242431641
"/Users/johnmyleswhite/.julia/RDatasets/data/datasets/chickwts.csv",0.000387907028198242
"/Users/johnmyleswhite/.julia/RDatasets/data/datasets/crimtab.csv",0.000782012939453125
"/Users/johnmyleswhite/.julia/RDatasets/data/datasets/esoph.csv",0.000545024871826172
"/Users/johnmyleswhite/.julia/RDatasets/data/datasets/euro.csv",0.000303983688354492
"/Users/johnmyleswhite/.julia/RDatasets/data/datasets/faithful.csv",0.000623941421508789
"/Users/johnmyleswhite/.julia/RDatasets/data/datasets/Formaldehyde.csv",0.000346183776855469
"/Users/johnmyleswhite/.julia/RDatasets/data/datasets/freeny.csv",0.000536918640136719
"/Users/johnmyleswhite/.julia/RDatasets/data/datasets/HairEyeColor.csv",0.000396966934204102
"/Users/johnmyleswhite/.julia/RDatasets/data/datasets/infert.csv",0.000931024551391602
"/Users/johnmyleswhite/.julia/RDatasets/data/datasets/InsectSprays.csv",0.000381946563720703
"/Users/johnmyleswhite/.julia/RDatasets/data/datasets/iris.csv",0.0033869743347168
"/Users/johnmyleswhite/.julia/RDatasets/data/datasets/islands.csv",0.000431060791015625
"/Users/johnmyleswhite/.julia/RDatasets/data/datasets/LifeCycleSavings.csv",0.000565052032470703
"/Users/johnmyleswhite/.julia/RDatasets/data/datasets/longley.csv",0.000518083572387695
"/Users/johnmyleswhite/.julia/RDatasets/data/datasets/morley.csv",0.000444889068603516
"/Users/johnmyleswhite/.julia/RDatasets/data/datasets/mtcars.csv",0.000701189041137695
"/Users/johnmyleswhite/.julia/RDatasets/data/datasets/occupationalStatus.csv",0.000382184982299805
"/Users/johnmyleswhite/.julia/RDatasets/data/datasets/OrchardSprays.csv",0.000429868698120117
"/Users/johnmyleswhite/.julia/RDatasets/data/datasets/PlantGrowth.csv",0.00034785270690918
"/Users/johnmyleswhite/.julia/RDatasets/data/datasets/precip.csv",0.000383138656616211
"/Users/johnmyleswhite/.julia/RDatasets/data/datasets/pressure.csv",0.000344038009643555
"/Users/johnmyleswhite/.julia/RDatasets/data/datasets/Puromycin.csv",0.000356197357177734
"/Users/johnmyleswhite/.julia/RDatasets/data/datasets/quakes.csv",0.00377798080444336
"/Users/johnmyleswhite/.julia/RDatasets/data/datasets/randu.csv",0.00204992294311523
"/Users/johnmyleswhite/.julia/RDatasets/data/datasets/rivers.csv",0.000478982925415039
"/Users/johnmyleswhite/.julia/RDatasets/data/datasets/rock.csv",0.000454902648925781
"/Users/johnmyleswhite/.julia/RDatasets/data/datasets/sleep.csv",0.000349044799804688
"/Users/johnmyleswhite/.julia/RDatasets/data/datasets/stackloss.csv",0.000393152236938477
"/Users/johnmyleswhite/.julia/RDatasets/data/datasets/swiss.csv",0.000618934631347656
"/Users/johnmyleswhite/.julia/RDatasets/data/datasets/Titanic.csv",0.000423908233642578
"/Users/johnmyleswhite/.julia/RDatasets/data/datasets/ToothGrowth.csv",0.000401020050048828
"/Users/johnmyleswhite/.julia/RDatasets/data/datasets/trees.csv",0.000370025634765625
"/Users/johnmyleswhite/.julia/RDatasets/data/datasets/UCBAdmissions.csv",0.000393867492675781
"/Users/johnmyleswhite/.julia/RDatasets/data/datasets/USArrests.csv",0.000479936599731445
"/Users/johnmyleswhite/.julia/RDatasets/data/datasets/USJudgeRatings.csv",0.000674962997436523
"/Users/johnmyleswhite/.julia/RDatasets/data/datasets/USPersonalExpenditure.csv",0.000396013259887695
"/Users/johnmyleswhite/.julia/RDatasets/data/datasets/VADeaths.csv",0.000393867492675781
"/Users/johnmyleswhite/.julia/RDatasets/data/datasets/volcano.csv",0.00504183769226074
"/Users/johnmyleswhite/.julia/RDatasets/data/datasets/warpbreaks.csv",0.000452041625976562
"/Users/johnmyleswhite/.julia/RDatasets/data/datasets/women.csv",0.000346183776855469
"/Users/johnmyleswhite/.julia/RDatasets/data/datasets/WorldPhones.csv",0.000432014465332031
"/Users/johnmyleswhite/.julia/RDatasets/data/Ecdat/Accident.csv",0.00044703483581543
"/Users/johnmyleswhite/.julia/RDatasets/data/Ecdat/Airline.csv",0.000659942626953125
"/Users/johnmyleswhite/.julia/RDatasets/data/Ecdat/Airq.csv",0.000463008880615234
"/Users/johnmyleswhite/.julia/RDatasets/data/Ecdat/Benefits.csv",0.0343790054321289
"/Users/johnmyleswhite/.julia/RDatasets/data/Ecdat/Bids.csv",0.00107002258300781
"/Users/johnmyleswhite/.julia/RDatasets/data/Ecdat/BudgetFood.csv",0.108749151229858
"/Users/johnmyleswhite/.julia/RDatasets/data/Ecdat/BudgetItaly.csv",0.0128140449523926
"/Users/johnmyleswhite/.julia/RDatasets/data/Ecdat/BudgetUK.csv",0.00769495964050293
"/Users/johnmyleswhite/.julia/RDatasets/data/Ecdat/Bwages.csv",0.00372600555419922
"/Users/johnmyleswhite/.julia/RDatasets/data/Ecdat/Capm.csv",0.00166893005371094
"/Users/johnmyleswhite/.julia/RDatasets/data/Ecdat/Car.csv",0.135548830032349
"/Users/johnmyleswhite/.julia/RDatasets/data/Ecdat/Caschool.csv",0.00974392890930176
"/Users/johnmyleswhite/.julia/RDatasets/data/Ecdat/Catsup.csv",0.0130710601806641
"/Users/johnmyleswhite/.julia/RDatasets/data/Ecdat/Cigar.csv",0.00574493408203125
"/Users/johnmyleswhite/.julia/RDatasets/data/Ecdat/Cigarette.csv",0.00339889526367188
"/Users/johnmyleswhite/.julia/RDatasets/data/Ecdat/Clothing.csv",0.00377392768859863
"/Users/johnmyleswhite/.julia/RDatasets/data/Ecdat/Computers.csv",0.0221469402313232
"/Users/johnmyleswhite/.julia/RDatasets/data/Ecdat/CPSch3.csv",0.0224080085754395
"/Users/johnmyleswhite/.julia/RDatasets/data/Ecdat/Cracker.csv",0.016571044921875
"/Users/johnmyleswhite/.julia/RDatasets/data/Ecdat/Crime.csv",0.00893187522888184
"/Users/johnmyleswhite/.julia/RDatasets/data/Ecdat/Diamond.csv",0.00102090835571289
"/Users/johnmyleswhite/.julia/RDatasets/data/Ecdat/DM.csv",0.00503015518188477
"/Users/johnmyleswhite/.julia/RDatasets/data/Ecdat/Doctor.csv",0.00111699104309082
"/Users/johnmyleswhite/.julia/RDatasets/data/Ecdat/DoctorAUS.csv",0.0322670936584473
"/Users/johnmyleswhite/.julia/RDatasets/data/Ecdat/DoctorContacts.csv",0.214131116867065
"/Users/johnmyleswhite/.julia/RDatasets/data/Ecdat/Earnings.csv",0.00705599784851074
"/Users/johnmyleswhite/.julia/RDatasets/data/Ecdat/Electricity.csv",0.00174188613891602
"/Users/johnmyleswhite/.julia/RDatasets/data/Ecdat/Fair.csv",0.00476288795471191
"/Users/johnmyleswhite/.julia/RDatasets/data/Ecdat/Fatality.csv",0.00301790237426758
"/Users/johnmyleswhite/.julia/RDatasets/data/Ecdat/Fishing.csv",0.00884699821472168
"/Users/johnmyleswhite/.julia/RDatasets/data/Ecdat/Forward.csv",0.0025181770324707
"/Users/johnmyleswhite/.julia/RDatasets/data/Ecdat/FriendFoe.csv",0.00218009948730469
"/Users/johnmyleswhite/.julia/RDatasets/data/Ecdat/Garch.csv",0.00976705551147461
"/Users/johnmyleswhite/.julia/RDatasets/data/Ecdat/Gasoline.csv",0.00355696678161621
"/Users/johnmyleswhite/.julia/RDatasets/data/Ecdat/Griliches.csv",0.00696301460266113
"/Users/johnmyleswhite/.julia/RDatasets/data/Ecdat/Grunfeld.csv",0.000928878784179688
"/Users/johnmyleswhite/.julia/RDatasets/data/Ecdat/HC.csv",0.00313019752502441
"/Users/johnmyleswhite/.julia/RDatasets/data/Ecdat/Hdma.csv",0.0179069042205811
"/Users/johnmyleswhite/.julia/RDatasets/data/Ecdat/Heating.csv",0.0125398635864258
"/Users/johnmyleswhite/.julia/RDatasets/data/Ecdat/Hedonic.csv",0.00461411476135254
"/Users/johnmyleswhite/.julia/RDatasets/data/Ecdat/HI.csv",0.170804023742676
"/Users/johnmyleswhite/.julia/RDatasets/data/Ecdat/Housing.csv",0.00515007972717285
"/Users/johnmyleswhite/.julia/RDatasets/data/Ecdat/Icecream.csv",0.000470161437988281
"/Users/johnmyleswhite/.julia/RDatasets/data/Ecdat/Journals.csv",0.00191116333007812
"/Users/johnmyleswhite/.julia/RDatasets/data/Ecdat/Kakadu.csv",0.0105659961700439
"/Users/johnmyleswhite/.julia/RDatasets/data/Ecdat/Ketchup.csv",0.0165231227874756
"/Users/johnmyleswhite/.julia/RDatasets/data/Ecdat/Klein.csv",0.000633001327514648
"/Users/johnmyleswhite/.julia/RDatasets/data/Ecdat/LaborSupply.csv",0.013822078704834
"/Users/johnmyleswhite/.julia/RDatasets/data/Ecdat/Labour.csv",0.00190281867980957
"/Users/johnmyleswhite/.julia/RDatasets/data/Ecdat/Males.csv",0.027318000793457
"/Users/johnmyleswhite/.julia/RDatasets/data/Ecdat/Mathlevel.csv",0.00192999839782715
"/Users/johnmyleswhite/.julia/RDatasets/data/Ecdat/MCAS.csv",0.00313305854797363
"/Users/johnmyleswhite/.julia/RDatasets/data/Ecdat/MedExp.csv",0.042651891708374
"/Users/johnmyleswhite/.julia/RDatasets/data/Ecdat/Metal.csv",0.000459909439086914
"/Users/johnmyleswhite/.julia/RDatasets/data/Ecdat/Mode.csv",0.00432300567626953
"/Users/johnmyleswhite/.julia/RDatasets/data/Ecdat/ModeChoice.csv",0.00400400161743164
"/Users/johnmyleswhite/.julia/RDatasets/data/Ecdat/Mofa.csv",0.000952005386352539
"/Users/johnmyleswhite/.julia/RDatasets/data/Ecdat/Mroz.csv",0.00515198707580566
"/Users/johnmyleswhite/.julia/RDatasets/data/Ecdat/MunExp.csv",0.00829982757568359
"/Users/johnmyleswhite/.julia/RDatasets/data/Ecdat/NaturalPark.csv",0.00107693672180176
"/Users/johnmyleswhite/.julia/RDatasets/data/Ecdat/Nerlove.csv",0.00104308128356934
"/Users/johnmyleswhite/.julia/RDatasets/data/Ecdat/OFP.csv",0.0294559001922607
"/Users/johnmyleswhite/.julia/RDatasets/data/Ecdat/Oil.csv",0.000787973403930664
"/Users/johnmyleswhite/.julia/RDatasets/data/Ecdat/Participation.csv",0.00573492050170898
"/Users/johnmyleswhite/.julia/RDatasets/data/Ecdat/PatentsHGH.csv",0.0119330883026123
"/Users/johnmyleswhite/.julia/RDatasets/data/Ecdat/PatentsRD.csv",0.00516796112060547
"/Users/johnmyleswhite/.julia/RDatasets/data/Ecdat/Pound.csv",0.00213909149169922
"/Users/johnmyleswhite/.julia/RDatasets/data/Ecdat/Produc.csv",0.00617790222167969
"/Users/johnmyleswhite/.julia/RDatasets/data/Ecdat/PSID.csv",0.0172390937805176
"/Users/johnmyleswhite/.julia/RDatasets/data/Ecdat/RetSchool.csv",0.0496978759765625
"/Users/johnmyleswhite/.julia/RDatasets/data/Ecdat/Schooling.csv",0.0257890224456787
"/Users/johnmyleswhite/.julia/RDatasets/data/Ecdat/Somerville.csv",0.00236392021179199
"/Users/johnmyleswhite/.julia/RDatasets/data/Ecdat/SP500.csv",0.00419211387634277
"/Users/johnmyleswhite/.julia/RDatasets/data/Ecdat/Star.csv",0.0199999809265137
"/Users/johnmyleswhite/.julia/RDatasets/data/Ecdat/Strike.csv",0.000444889068603516
"/Users/johnmyleswhite/.julia/RDatasets/data/Ecdat/StrikeDur.csv",0.00084996223449707
"/Users/johnmyleswhite/.julia/RDatasets/data/Ecdat/StrikeNb.csv",0.000453948974609375
"/Users/johnmyleswhite/.julia/RDatasets/data/Ecdat/SumHes.csv",0.0103960037231445
"/Users/johnmyleswhite/.julia/RDatasets/data/Ecdat/Tobacco.csv",0.0103080272674561
"/Users/johnmyleswhite/.julia/RDatasets/data/Ecdat/Train.csv",0.01009202003479
"/Users/johnmyleswhite/.julia/RDatasets/data/Ecdat/TranspEq.csv",0.000509023666381836
"/Users/johnmyleswhite/.julia/RDatasets/data/Ecdat/Treatment.csv",0.0113420486450195
"/Users/johnmyleswhite/.julia/RDatasets/data/Ecdat/Tuna.csv",0.049062967300415
"/Users/johnmyleswhite/.julia/RDatasets/data/Ecdat/UnempDur.csv",0.01578688621521
"/Users/johnmyleswhite/.julia/RDatasets/data/Ecdat/Unemployment.csv",0.00313496589660645
"/Users/johnmyleswhite/.julia/RDatasets/data/Ecdat/University.csv",0.00115585327148438
"/Users/johnmyleswhite/.julia/RDatasets/data/Ecdat/VietNamI.csv",0.127980947494507
"/Users/johnmyleswhite/.julia/RDatasets/data/Ecdat/Wages.csv",0.0194089412689209
"/Users/johnmyleswhite/.julia/RDatasets/data/Ecdat/Wages1.csv",0.00862479209899902
"/Users/johnmyleswhite/.julia/RDatasets/data/Ecdat/Workinghours.csv",0.0120799541473389
"/Users/johnmyleswhite/.julia/RDatasets/data/Ecdat/Yen.csv",0.00338983535766602
"/Users/johnmyleswhite/.julia/RDatasets/data/Ecdat/Yogurt.csv",0.0126891136169434
"/Users/johnmyleswhite/.julia/RDatasets/data/gap/aldh2.csv",0.00331211090087891
"/Users/johnmyleswhite/.julia/RDatasets/data/gap/apoeapoc.csv",0.00111889839172363
"/Users/johnmyleswhite/.julia/RDatasets/data/gap/cf.csv",0.00147891044616699
"/Users/johnmyleswhite/.julia/RDatasets/data/gap/crohn.csv",0.0238261222839355
"/Users/johnmyleswhite/.julia/RDatasets/data/gap/fa.csv",0.000944137573242188
"/Users/johnmyleswhite/.julia/RDatasets/data/gap/fsnps.csv",0.0015251636505127
"/Users/johnmyleswhite/.julia/RDatasets/data/gap/hla.csv",0.000925064086914062
"/Users/johnmyleswhite/.julia/RDatasets/data/gap/lukas.csv",0.00046086311340332
"/Users/johnmyleswhite/.julia/RDatasets/data/gap/mao.csv",0.00344395637512207
"/Users/johnmyleswhite/.julia/RDatasets/data/gap/mhtdata.csv",4.52641797065735
"/Users/johnmyleswhite/.julia/RDatasets/data/gap/nep499.csv",0.00525903701782227
"/Users/johnmyleswhite/.julia/RDatasets/data/gap/PD.csv",0.0100500583648682
"/Users/johnmyleswhite/.julia/RDatasets/data/ggplot2/diamonds.csv",0.28391695022583
"/Users/johnmyleswhite/.julia/RDatasets/data/ggplot2/economics.csv",0.00498485565185547
"/Users/johnmyleswhite/.julia/RDatasets/data/ggplot2/midwest.csv",0.0091710090637207
"/Users/johnmyleswhite/.julia/RDatasets/data/ggplot2/movies.csv",0.81506609916687
"/Users/johnmyleswhite/.julia/RDatasets/data/ggplot2/mpg.csv",0.00158214569091797
"/Users/johnmyleswhite/.julia/RDatasets/data/ggplot2/msleep.csv",0.00122308731079102
"/Users/johnmyleswhite/.julia/RDatasets/data/ggplot2/presidential.csv",0.000432014465332031
"/Users/johnmyleswhite/.julia/RDatasets/data/ggplot2/seals.csv",0.00671982765197754
"/Users/johnmyleswhite/.julia/RDatasets/data/HistData/Arbuthnot.csv",0.000702857971191406
"/Users/johnmyleswhite/.julia/RDatasets/data/HistData/Bowley.csv",0.000368118286132812
"/Users/johnmyleswhite/.julia/RDatasets/data/HistData/Cavendish.csv",0.00037693977355957
"/Users/johnmyleswhite/.julia/RDatasets/data/HistData/ChestSizes.csv",0.00032496452331543
"/Users/johnmyleswhite/.julia/RDatasets/data/HistData/CushnyPebbles.csv",0.000381946563720703
"/Users/johnmyleswhite/.julia/RDatasets/data/HistData/CushnyPebblesN.csv",0.000373125076293945
"/Users/johnmyleswhite/.julia/RDatasets/data/HistData/Dactyl.csv",0.000406980514526367
"/Users/johnmyleswhite/.julia/RDatasets/data/HistData/DrinksWages.csv",0.000642061233520508
"/Users/johnmyleswhite/.julia/RDatasets/data/HistData/Fingerprints.csv",0.00036311149597168
"/Users/johnmyleswhite/.julia/RDatasets/data/HistData/Galton.csv",0.0023198127746582
"/Users/johnmyleswhite/.julia/RDatasets/data/HistData/GaltonFamilies.csv",0.00396990776062012
"/Users/johnmyleswhite/.julia/RDatasets/data/HistData/Guerry.csv",0.00159382820129395
"/Users/johnmyleswhite/.julia/RDatasets/data/HistData/Jevons.csv",0.000410079956054688
"/Users/johnmyleswhite/.julia/RDatasets/data/HistData/Langren.all.csv",0.000506877899169922
"/Users/johnmyleswhite/.julia/RDatasets/data/HistData/Langren1644.csv",0.00116586685180664
"/Users/johnmyleswhite/.julia/RDatasets/data/HistData/Macdonell.csv",0.0025029182434082
"/Users/johnmyleswhite/.julia/RDatasets/data/HistData/MacdonellDF.csv",0.00430703163146973
"/Users/johnmyleswhite/.julia/RDatasets/data/HistData/Michelson.csv",0.000793933868408203
"/Users/johnmyleswhite/.julia/RDatasets/data/HistData/MichelsonSets.csv",0.000844001770019531
"/Users/johnmyleswhite/.julia/RDatasets/data/HistData/Minard.cities.csv",0.00114011764526367
"/Users/johnmyleswhite/.julia/RDatasets/data/HistData/Minard.temp.csv",0.000723838806152344
"/Users/johnmyleswhite/.julia/RDatasets/data/HistData/Minard.troops.csv",0.000756025314331055
"/Users/johnmyleswhite/.julia/RDatasets/data/HistData/Nightingale.csv",0.000916957855224609
"/Users/johnmyleswhite/.julia/RDatasets/data/HistData/OldMaps.csv",0.00144815444946289
"/Users/johnmyleswhite/.julia/RDatasets/data/HistData/PearsonLee.csv",0.00291204452514648
"/Users/johnmyleswhite/.julia/RDatasets/data/HistData/PolioTrials.csv",0.000790119171142578
"/Users/johnmyleswhite/.julia/RDatasets/data/HistData/Prostitutes.csv",0.00166487693786621
"/Users/johnmyleswhite/.julia/RDatasets/data/HistData/Pyx.csv",0.000956058502197266
"/Users/johnmyleswhite/.julia/RDatasets/data/HistData/Quarrels.csv",0.0256237983703613
"/Users/johnmyleswhite/.julia/RDatasets/data/HistData/Snow.deaths.csv",0.00276398658752441
"/Users/johnmyleswhite/.julia/RDatasets/data/HistData/Snow.polygons.csv",0.000773906707763672
"/Users/johnmyleswhite/.julia/RDatasets/data/HistData/Snow.pumps.csv",0.000710010528564453
"/Users/johnmyleswhite/.julia/RDatasets/data/HistData/Snow.streets.csv",0.00346803665161133
"/Users/johnmyleswhite/.julia/RDatasets/data/HistData/Yeast.csv",0.000670909881591797
"/Users/johnmyleswhite/.julia/RDatasets/data/HistData/YeastD.mat.csv",0.00123405456542969
"/Users/johnmyleswhite/.julia/RDatasets/data/HistData/ZeaMays.csv",0.00073695182800293
"/Users/johnmyleswhite/.julia/RDatasets/data/lattice/barley.csv",0.000626087188720703
"/Users/johnmyleswhite/.julia/RDatasets/data/lattice/environmental.csv",0.00103592872619629
"/Users/johnmyleswhite/.julia/RDatasets/data/lattice/ethanol.csv",0.000955104827880859
"/Users/johnmyleswhite/.julia/RDatasets/data/lattice/melanoma.csv",0.034747838973999
"/Users/johnmyleswhite/.julia/RDatasets/data/lattice/singer.csv",0.000643014907836914
"/Users/johnmyleswhite/.julia/RDatasets/data/MASS/abbey.csv",0.000875949859619141
"/Users/johnmyleswhite/.julia/RDatasets/data/MASS/Aids2.csv",0.00801801681518555
"/Users/johnmyleswhite/.julia/RDatasets/data/MASS/Animals.csv",0.000727176666259766
"/Users/johnmyleswhite/.julia/RDatasets/data/MASS/anorexia.csv",0.000898122787475586
"/Users/johnmyleswhite/.julia/RDatasets/data/MASS/bacteria.csv",0.000802993774414062
"/Users/johnmyleswhite/.julia/RDatasets/data/MASS/beav1.csv",0.00110101699829102
"/Users/johnmyleswhite/.julia/RDatasets/data/MASS/beav2.csv",0.00107908248901367
"/Users/johnmyleswhite/.julia/RDatasets/data/MASS/biopsy.csv",0.00358104705810547
"/Users/johnmyleswhite/.julia/RDatasets/data/MASS/birthwt.csv",0.000885009765625
"/Users/johnmyleswhite/.julia/RDatasets/data/MASS/Boston.csv",0.00474905967712402
"/Users/johnmyleswhite/.julia/RDatasets/data/MASS/cabbages.csv",0.000802993774414062
"/Users/johnmyleswhite/.julia/RDatasets/data/MASS/caith.csv",0.000638961791992188
"/Users/johnmyleswhite/.julia/RDatasets/data/MASS/Cars93.csv",0.00283598899841309
"/Users/johnmyleswhite/.julia/RDatasets/data/MASS/cats.csv",0.00106382369995117
"/Users/johnmyleswhite/.julia/RDatasets/data/MASS/cement.csv",0.000836849212646484
"/Users/johnmyleswhite/.julia/RDatasets/data/MASS/chem.csv",0.00105094909667969
"/Users/johnmyleswhite/.julia/RDatasets/data/MASS/coop.csv",0.000721931457519531
"/Users/johnmyleswhite/.julia/RDatasets/data/MASS/cpus.csv",0.00128412246704102
"/Users/johnmyleswhite/.julia/RDatasets/data/MASS/crabs.csv",0.000919818878173828
"/Users/johnmyleswhite/.julia/RDatasets/data/MASS/Cushings.csv",0.00078582763671875
"/Users/johnmyleswhite/.julia/RDatasets/data/MASS/DDT.csv",0.000622034072875977
"/Users/johnmyleswhite/.julia/RDatasets/data/MASS/eagles.csv",0.000859975814819336
"/Users/johnmyleswhite/.julia/RDatasets/data/MASS/epil.csv",0.00252914428710938
"/Users/johnmyleswhite/.julia/RDatasets/data/MASS/farms.csv",0.00077509880065918
"/Users/johnmyleswhite/.julia/RDatasets/data/MASS/fgl.csv",0.00189304351806641
"/Users/johnmyleswhite/.julia/RDatasets/data/MASS/forbes.csv",0.000707864761352539
"/Users/johnmyleswhite/.julia/RDatasets/data/MASS/GAGurine.csv",0.00064396858215332
"/Users/johnmyleswhite/.julia/RDatasets/data/MASS/galaxies.csv",0.000644922256469727
"/Users/johnmyleswhite/.julia/RDatasets/data/MASS/gehan.csv",0.000728845596313477
"/Users/johnmyleswhite/.julia/RDatasets/data/MASS/genotype.csv",0.000767946243286133
"/Users/johnmyleswhite/.julia/RDatasets/data/MASS/geyser.csv",0.000648975372314453
"/Users/johnmyleswhite/.julia/RDatasets/data/MASS/gilgais.csv",0.00206708908081055
"/Users/johnmyleswhite/.julia/RDatasets/data/MASS/hills.csv",0.000746965408325195
"/Users/johnmyleswhite/.julia/RDatasets/data/MASS/housing.csv",0.000838994979858398
"/Users/johnmyleswhite/.julia/RDatasets/data/MASS/immer.csv",0.000756025314331055
"/Users/johnmyleswhite/.julia/RDatasets/data/MASS/Insurance.csv",0.000800132751464844
"/Users/johnmyleswhite/.julia/RDatasets/data/MASS/leuk.csv",0.000678062438964844
"/Users/johnmyleswhite/.julia/RDatasets/data/MASS/mammals.csv",0.000811100006103516
"/Users/johnmyleswhite/.julia/RDatasets/data/MASS/mcycle.csv",0.000795125961303711
"/Users/johnmyleswhite/.julia/RDatasets/data/MASS/Melanoma.csv",0.000849008560180664
"/Users/johnmyleswhite/.julia/RDatasets/data/MASS/menarche.csv",0.000750064849853516
"/Users/johnmyleswhite/.julia/RDatasets/data/MASS/michelson.csv",0.000715017318725586
"/Users/johnmyleswhite/.julia/RDatasets/data/MASS/minn38.csv",0.00061798095703125
"/Users/johnmyleswhite/.julia/RDatasets/data/MASS/motors.csv",0.000669002532958984
"/Users/johnmyleswhite/.julia/RDatasets/data/MASS/muscle.csv",0.000757217407226562
"/Users/johnmyleswhite/.julia/RDatasets/data/MASS/newcomb.csv",0.000607013702392578
"/Users/johnmyleswhite/.julia/RDatasets/data/MASS/nlschools.csv",0.00480008125305176
"/Users/johnmyleswhite/.julia/RDatasets/data/MASS/npk.csv",0.000909090042114258
"/Users/johnmyleswhite/.julia/RDatasets/data/MASS/npr1.csv",0.00130891799926758
"/Users/johnmyleswhite/.julia/RDatasets/data/MASS/oats.csv",0.00126004219055176
"/Users/johnmyleswhite/.julia/RDatasets/data/MASS/OME.csv",0.00407791137695312
"/Users/johnmyleswhite/.julia/RDatasets/data/MASS/painters.csv",0.00129604339599609
"/Users/johnmyleswhite/.julia/RDatasets/data/MASS/petrol.csv",0.00109601020812988
"/Users/johnmyleswhite/.julia/RDatasets/data/MASS/Pima.te.csv",0.00134611129760742
"/Users/johnmyleswhite/.julia/RDatasets/data/MASS/Pima.tr.csv",0.0010221004486084
"/Users/johnmyleswhite/.julia/RDatasets/data/MASS/Pima.tr2.csv",0.00129890441894531
"/Users/johnmyleswhite/.julia/RDatasets/data/MASS/quine.csv",0.00122594833374023
"/Users/johnmyleswhite/.julia/RDatasets/data/MASS/Rabbit.csv",0.00110793113708496
"/Users/johnmyleswhite/.julia/RDatasets/data/MASS/road.csv",0.00113201141357422
"/Users/johnmyleswhite/.julia/RDatasets/data/MASS/rotifer.csv",0.000965118408203125
"/Users/johnmyleswhite/.julia/RDatasets/data/MASS/Rubber.csv",0.000917911529541016
"/Users/johnmyleswhite/.julia/RDatasets/data/MASS/ships.csv",0.00109100341796875
"/Users/johnmyleswhite/.julia/RDatasets/data/MASS/shrimp.csv",0.000840902328491211
"/Users/johnmyleswhite/.julia/RDatasets/data/MASS/shuttle.csv",0.00230193138122559
"/Users/johnmyleswhite/.julia/RDatasets/data/MASS/Sitka.csv",0.00112295150756836
"/Users/johnmyleswhite/.julia/RDatasets/data/MASS/Sitka89.csv",0.00151801109313965
"/Users/johnmyleswhite/.julia/RDatasets/data/MASS/Skye.csv",0.000797033309936523
"/Users/johnmyleswhite/.julia/RDatasets/data/MASS/snails.csv",0.000851869583129883
"/Users/johnmyleswhite/.julia/RDatasets/data/MASS/SP500.csv",0.0144410133361816
"/Users/johnmyleswhite/.julia/RDatasets/data/MASS/steam.csv",0.00994610786437988
"/Users/johnmyleswhite/.julia/RDatasets/data/MASS/stormer.csv",0.00211501121520996
"/Users/johnmyleswhite/.julia/RDatasets/data/MASS/survey.csv",0.00248312950134277
"/Users/johnmyleswhite/.julia/RDatasets/data/MASS/synth.te.csv",0.00370192527770996
"/Users/johnmyleswhite/.julia/RDatasets/data/MASS/synth.tr.csv",0.000874042510986328
"/Users/johnmyleswhite/.julia/RDatasets/data/MASS/topo.csv",0.000842094421386719
"/Users/johnmyleswhite/.julia/RDatasets/data/MASS/Traffic.csv",0.00129199028015137
"/Users/johnmyleswhite/.julia/RDatasets/data/MASS/UScereal.csv",0.000863075256347656
"/Users/johnmyleswhite/.julia/RDatasets/data/MASS/UScrime.csv",0.00119996070861816
"/Users/johnmyleswhite/.julia/RDatasets/data/MASS/VA.csv",0.000684976577758789
"/Users/johnmyleswhite/.julia/RDatasets/data/MASS/waders.csv",0.00103998184204102
"/Users/johnmyleswhite/.julia/RDatasets/data/MASS/whiteside.csv",0.000921964645385742
"/Users/johnmyleswhite/.julia/RDatasets/data/MASS/wtloss.csv",0.000715970993041992
"/Users/johnmyleswhite/.julia/RDatasets/data/nlreg/C1.csv",0.000812053680419922
"/Users/johnmyleswhite/.julia/RDatasets/data/nlreg/C2.csv",0.000922918319702148
"/Users/johnmyleswhite/.julia/RDatasets/data/nlreg/C3.csv",0.000719070434570312
"/Users/johnmyleswhite/.julia/RDatasets/data/nlreg/C4.csv",0.00112295150756836
"/Users/johnmyleswhite/.julia/RDatasets/data/nlreg/chlorsulfuron.csv",0.000735998153686523
"/Users/johnmyleswhite/.julia/RDatasets/data/nlreg/daphnia.csv",0.000787973403930664
"/Users/johnmyleswhite/.julia/RDatasets/data/nlreg/helicopter.csv",0.000696897506713867
"/Users/johnmyleswhite/.julia/RDatasets/data/nlreg/M2.csv",0.000709056854248047
"/Users/johnmyleswhite/.julia/RDatasets/data/nlreg/M4.csv",0.00101208686828613
"/Users/johnmyleswhite/.julia/RDatasets/data/nlreg/metsulfuron.csv",0.000705957412719727
"/Users/johnmyleswhite/.julia/RDatasets/data/nlreg/ria.csv",0.000678062438964844
"/Users/johnmyleswhite/.julia/RDatasets/data/plm/Cigar.csv",0.00594615936279297
"/Users/johnmyleswhite/.julia/RDatasets/data/plm/Crime.csv",0.00887107849121094
"/Users/johnmyleswhite/.julia/RDatasets/data/plm/EmplUK.csv",0.00519919395446777
"/Users/johnmyleswhite/.julia/RDatasets/data/plm/Gasoline.csv",0.0028998851776123
"/Users/johnmyleswhite/.julia/RDatasets/data/plm/Grunfeld.csv",0.000838041305541992
"/Users/johnmyleswhite/.julia/RDatasets/data/plm/Hedonic.csv",0.0042881965637207
"/Users/johnmyleswhite/.julia/RDatasets/data/plm/LaborSupply.csv",0.0135881900787354
"/Users/johnmyleswhite/.julia/RDatasets/data/plm/Males.csv",0.025831937789917
"/Users/johnmyleswhite/.julia/RDatasets/data/plm/Produc.csv",0.00583219528198242
"/Users/johnmyleswhite/.julia/RDatasets/data/plm/Snmesp.csv",0.0295991897583008
"/Users/johnmyleswhite/.julia/RDatasets/data/plm/SumHes.csv",0.0110008716583252
"/Users/johnmyleswhite/.julia/RDatasets/data/plm/Wages.csv",0.0176301002502441
"/Users/johnmyleswhite/.julia/RDatasets/data/plyr/baseball.csv",0.14723014831543
"/Users/johnmyleswhite/.julia/RDatasets/data/pscl/absentee.csv",0.00237512588500977
"/Users/johnmyleswhite/.julia/RDatasets/data/pscl/admit.csv",0.00118303298950195
"/Users/johnmyleswhite/.julia/RDatasets/data/pscl/AustralianElectionPolling.csv",0.00484991073608398
"/Users/johnmyleswhite/.julia/RDatasets/data/pscl/AustralianElections.csv",0.00129818916320801
"/Users/johnmyleswhite/.julia/RDatasets/data/pscl/bioChemists.csv",0.00357508659362793
"/Users/johnmyleswhite/.julia/RDatasets/data/pscl/ca2006.csv",0.000998973846435547
"/Users/johnmyleswhite/.julia/RDatasets/data/pscl/EfronMorris.csv",0.00101184844970703
"/Users/johnmyleswhite/.julia/RDatasets/data/pscl/iraqVote.csv",0.000935077667236328
"/Users/johnmyleswhite/.julia/RDatasets/data/pscl/politicalInformation.csv",0.00788497924804688
"/Users/johnmyleswhite/.julia/RDatasets/data/pscl/presidentialElections.csv",0.0022580623626709
"/Users/johnmyleswhite/.julia/RDatasets/data/pscl/prussian.csv",0.000615119934082031
"/Users/johnmyleswhite/.julia/RDatasets/data/pscl/RockTheVote.csv",0.00154590606689453
"/Users/johnmyleswhite/.julia/RDatasets/data/pscl/UKHouseOfCommons.csv",0.00658392906188965
"/Users/johnmyleswhite/.julia/RDatasets/data/pscl/unionDensity.csv",0.000999927520751953
"/Users/johnmyleswhite/.julia/RDatasets/data/pscl/vote92.csv",0.00442814826965332
"/Users/johnmyleswhite/.julia/RDatasets/data/reshape2/french_fries.csv",0.00371789932250977
"/Users/johnmyleswhite/.julia/RDatasets/data/reshape2/smiths.csv",0.000710964202880859
"/Users/johnmyleswhite/.julia/RDatasets/data/reshape2/tips.csv",0.00108098983764648
"/Users/johnmyleswhite/.julia/RDatasets/data/robustbase/aircraft.csv",0.000902891159057617
"/Users/johnmyleswhite/.julia/RDatasets/data/robustbase/airmay.csv",0.000950098037719727
"/Users/johnmyleswhite/.julia/RDatasets/data/robustbase/alcohol.csv",0.000898838043212891
"/Users/johnmyleswhite/.julia/RDatasets/data/robustbase/ambientNOxCH.csv",0.00504779815673828
"/Users/johnmyleswhite/.julia/RDatasets/data/robustbase/Animals2.csv",0.00102686882019043
"/Users/johnmyleswhite/.julia/RDatasets/data/robustbase/bushfire.csv",0.0011138916015625
"/Users/johnmyleswhite/.julia/RDatasets/data/robustbase/carrots.csv",0.00116109848022461
"/Users/johnmyleswhite/.julia/RDatasets/data/robustbase/cloud.csv",0.000686883926391602
"/Users/johnmyleswhite/.julia/RDatasets/data/robustbase/coleman.csv",0.00102710723876953
"/Users/johnmyleswhite/.julia/RDatasets/data/robustbase/condroz.csv",0.000768899917602539
"/Users/johnmyleswhite/.julia/RDatasets/data/robustbase/CrohnD.csv",0.000772953033447266
"/Users/johnmyleswhite/.julia/RDatasets/data/robustbase/cushny.csv",0.000660181045532227
"/Users/johnmyleswhite/.julia/RDatasets/data/robustbase/delivery.csv",0.000700950622558594
"/Users/johnmyleswhite/.julia/RDatasets/data/robustbase/education.csv",0.00086212158203125
"/Users/johnmyleswhite/.julia/RDatasets/data/robustbase/epilepsy.csv",0.000966072082519531
"/Users/johnmyleswhite/.julia/RDatasets/data/robustbase/exAM.csv",0.000607967376708984
"/Users/johnmyleswhite/.julia/RDatasets/data/robustbase/hbk.csv",0.000804901123046875
"/Users/johnmyleswhite/.julia/RDatasets/data/robustbase/heart.csv",0.00107502937316895
"/Users/johnmyleswhite/.julia/RDatasets/data/robustbase/kootenay.csv",0.000648021697998047
"/Users/johnmyleswhite/.julia/RDatasets/data/robustbase/lactic.csv",0.000606060028076172
"/Users/johnmyleswhite/.julia/RDatasets/data/robustbase/milk.csv",0.000963926315307617
"/Users/johnmyleswhite/.julia/RDatasets/data/robustbase/NOxEmissions.csv",0.0279560089111328
"/Users/johnmyleswhite/.julia/RDatasets/data/robustbase/pension.csv",0.000916957855224609
"/Users/johnmyleswhite/.julia/RDatasets/data/robustbase/phosphor.csv",0.00110912322998047
"/Users/johnmyleswhite/.julia/RDatasets/data/robustbase/pilot.csv",0.000681877136230469
"/Users/johnmyleswhite/.julia/RDatasets/data/robustbase/possumDiv.csv",0.000823020935058594
"/Users/johnmyleswhite/.julia/RDatasets/data/robustbase/pulpfiber.csv",0.00117897987365723
"/Users/johnmyleswhite/.julia/RDatasets/data/robustbase/radarImage.csv",0.00538086891174316
"/Users/johnmyleswhite/.julia/RDatasets/data/robustbase/salinity.csv",0.000772953033447266
"/Users/johnmyleswhite/.julia/RDatasets/data/robustbase/SiegelsEx.csv",0.000885009765625
"/Users/johnmyleswhite/.julia/RDatasets/data/robustbase/starsCYG.csv",0.000813007354736328
"/Users/johnmyleswhite/.julia/RDatasets/data/robustbase/telef.csv",0.000757932662963867
"/Users/johnmyleswhite/.julia/RDatasets/data/robustbase/toxicity.csv",0.00139403343200684
"/Users/johnmyleswhite/.julia/RDatasets/data/robustbase/vaso.csv",0.000784158706665039
"/Users/johnmyleswhite/.julia/RDatasets/data/robustbase/wagnerGrowth.csv",0.000875949859619141
"/Users/johnmyleswhite/.julia/RDatasets/data/robustbase/wood.csv",0.00110912322998047
"/Users/johnmyleswhite/.julia/RDatasets/data/rpart/car.test.frame.csv",0.00106692314147949
"/Users/johnmyleswhite/.julia/RDatasets/data/rpart/cu.summary.csv",0.00106716156005859
"/Users/johnmyleswhite/.julia/RDatasets/data/rpart/kyphosis.csv",0.00105404853820801
"/Users/johnmyleswhite/.julia/RDatasets/data/rpart/solder.csv",0.00235295295715332
"/Users/johnmyleswhite/.julia/RDatasets/data/rpart/stagec.csv",0.00084686279296875
"/Users/johnmyleswhite/.julia/RDatasets/data/sandwich/PublicSchools.csv",0.000784873962402344
"/Users/johnmyleswhite/.julia/RDatasets/data/sem/Bollen.csv",0.000852108001708984
"/Users/johnmyleswhite/.julia/RDatasets/data/sem/CNES.csv",0.00351405143737793
"/Users/johnmyleswhite/.julia/RDatasets/data/sem/Klein.csv",0.000980854034423828
"/Users/johnmyleswhite/.julia/RDatasets/data/sem/Kmenta.csv",0.00110793113708496
"/Users/johnmyleswhite/.julia/RDatasets/data/survival/bladder.csv",0.000951051712036133
"/Users/johnmyleswhite/.julia/RDatasets/data/survival/cancer.csv",0.00103282928466797
"/Users/johnmyleswhite/.julia/RDatasets/data/survival/cgd.csv",0.00310277938842773
"/Users/johnmyleswhite/.julia/RDatasets/data/survival/colon.csv",0.00878190994262695
"/Users/johnmyleswhite/.julia/RDatasets/data/survival/heart.csv",0.00105905532836914
"/Users/johnmyleswhite/.julia/RDatasets/data/survival/kidney.csv",0.00105500221252441
"/Users/johnmyleswhite/.julia/RDatasets/data/survival/leukemia.csv",0.000980854034423828
"/Users/johnmyleswhite/.julia/RDatasets/data/survival/logan.csv",0.00266790390014648
"/Users/johnmyleswhite/.julia/RDatasets/data/survival/lung.csv",0.00109696388244629
"/Users/johnmyleswhite/.julia/RDatasets/data/survival/mgus.csv",0.00258779525756836
"/Users/johnmyleswhite/.julia/RDatasets/data/survival/nwtco.csv",0.0109281539916992
"/Users/johnmyleswhite/.julia/RDatasets/data/survival/ovarian.csv",0.00100994110107422
"/Users/johnmyleswhite/.julia/RDatasets/data/survival/pbc.csv",0.00323987007141113
"/Users/johnmyleswhite/.julia/RDatasets/data/survival/rats.csv",0.00100207328796387
"/Users/johnmyleswhite/.julia/RDatasets/data/survival/stanford2.csv",0.000689029693603516
"/Users/johnmyleswhite/.julia/RDatasets/data/survival/tobin.csv",0.000926017761230469
"/Users/johnmyleswhite/.julia/RDatasets/data/survival/veteran.csv",0.000742197036743164
"/Users/johnmyleswhite/.julia/RDatasets/data/vcd/Arthritis.csv",0.00102806091308594
"/Users/johnmyleswhite/.julia/RDatasets/data/vcd/Baseball.csv",0.00386691093444824
"/Users/johnmyleswhite/.julia/RDatasets/data/vcd/BrokenMarriage.csv",0.000889062881469727
"/Users/johnmyleswhite/.julia/RDatasets/data/vcd/Bundesliga.csv",0.0596549510955811
"/Users/johnmyleswhite/.julia/RDatasets/data/vcd/Bundestag2005.csv",0.000929832458496094
"/Users/johnmyleswhite/.julia/RDatasets/data/vcd/Butterfly.csv",0.000768899917602539
"/Users/johnmyleswhite/.julia/RDatasets/data/vcd/CoalMiners.csv",0.00100588798522949
"/Users/johnmyleswhite/.julia/RDatasets/data/vcd/DanishWelfare.csv",0.000760078430175781
"/Users/johnmyleswhite/.julia/RDatasets/data/vcd/Employment.csv",0.000875949859619141
"/Users/johnmyleswhite/.julia/RDatasets/data/vcd/Federalist.csv",0.000886917114257812
"/Users/johnmyleswhite/.julia/RDatasets/data/vcd/Hitters.csv",0.000883817672729492
"/Users/johnmyleswhite/.julia/RDatasets/data/vcd/HorseKicks.csv",0.000754833221435547
"/Users/johnmyleswhite/.julia/RDatasets/data/vcd/Hospital.csv",0.000774860382080078
"/Users/johnmyleswhite/.julia/RDatasets/data/vcd/JobSatisfaction.csv",0.000944852828979492
"/Users/johnmyleswhite/.julia/RDatasets/data/vcd/JointSports.csv",0.000817060470581055
"/Users/johnmyleswhite/.julia/RDatasets/data/vcd/Lifeboats.csv",0.000844955444335938
"/Users/johnmyleswhite/.julia/RDatasets/data/vcd/NonResponse.csv",0.000720977783203125
"/Users/johnmyleswhite/.julia/RDatasets/data/vcd/OvaryCancer.csv",0.000746965408325195
"/Users/johnmyleswhite/.julia/RDatasets/data/vcd/PreSex.csv",0.000863075256347656
"/Users/johnmyleswhite/.julia/RDatasets/data/vcd/Punishment.csv",0.000783920288085938
"/Users/johnmyleswhite/.julia/RDatasets/data/vcd/RepVict.csv",0.00079798698425293
"/Users/johnmyleswhite/.julia/RDatasets/data/vcd/Saxony.csv",0.000658035278320312
"/Users/johnmyleswhite/.julia/RDatasets/data/vcd/SexualFun.csv",0.000720977783203125
"/Users/johnmyleswhite/.julia/RDatasets/data/vcd/SpaceShuttle.csv",0.000769853591918945
"/Users/johnmyleswhite/.julia/RDatasets/data/vcd/Suicide.csv",0.00167417526245117
"/Users/johnmyleswhite/.julia/RDatasets/data/vcd/Trucks.csv",0.000802040100097656
"/Users/johnmyleswhite/.julia/RDatasets/data/vcd/UKSoccer.csv",0.000651836395263672
"/Users/johnmyleswhite/.julia/RDatasets/data/vcd/VisualAcuity.csv",0.000725030899047852
"/Users/johnmyleswhite/.julia/RDatasets/data/vcd/VonBort.csv",0.000733137130737305
"/Users/johnmyleswhite/.julia/RDatasets/data/vcd/WeldonDice.csv",0.000648975372314453
"/Users/johnmyleswhite/.julia/RDatasets/data/vcd/WomenQueue.csv",0.000614166259765625
"/Users/johnmyleswhite/.julia/RDatasets/data/Zelig/approval.csv",0.00120210647583008
"/Users/johnmyleswhite/.julia/RDatasets/data/Zelig/bivariate.csv",0.00102806091308594
"/Users/johnmyleswhite/.julia/RDatasets/data/Zelig/coalition.csv",0.00100111961364746
"/Users/johnmyleswhite/.julia/RDatasets/data/Zelig/coalition2.csv",0.00116419792175293
"/Users/johnmyleswhite/.julia/RDatasets/data/Zelig/eidat.csv",0.00082087516784668
"/Users/johnmyleswhite/.julia/RDatasets/data/Zelig/free1.csv",0.00170087814331055
"/Users/johnmyleswhite/.julia/RDatasets/data/Zelig/free2.csv",0.00162911415100098
"/Users/johnmyleswhite/.julia/RDatasets/data/Zelig/friendship.csv",0.000820159912109375
"/Users/johnmyleswhite/.julia/RDatasets/data/Zelig/grunfeld.csv",0.00101709365844727
"/Users/johnmyleswhite/.julia/RDatasets/data/Zelig/hoff.csv",0.000781059265136719
"/Users/johnmyleswhite/.julia/RDatasets/data/Zelig/homerun.csv",0.000905990600585938
"/Users/johnmyleswhite/.julia/RDatasets/data/Zelig/immi1.csv",0.00720620155334473
"/Users/johnmyleswhite/.julia/RDatasets/data/Zelig/immi2.csv",0.00740981101989746
"/Users/johnmyleswhite/.julia/RDatasets/data/Zelig/immi3.csv",0.0181140899658203
"/Users/johnmyleswhite/.julia/RDatasets/data/Zelig/immi4.csv",0.00711417198181152
"/Users/johnmyleswhite/.julia/RDatasets/data/Zelig/immi5.csv",0.00743889808654785
"/Users/johnmyleswhite/.julia/RDatasets/data/Zelig/immigration.csv",0.00591301918029785
"/Users/johnmyleswhite/.julia/RDatasets/data/Zelig/klein.csv",0.00171995162963867
"/Users/johnmyleswhite/.julia/RDatasets/data/Zelig/kmenta.csv",0.00134992599487305
"/Users/johnmyleswhite/.julia/RDatasets/data/Zelig/macro.csv",0.00253987312316895
"/Users/johnmyleswhite/.julia/RDatasets/data/Zelig/MatchIt.url.csv",0.00123906135559082
"/Users/johnmyleswhite/.julia/RDatasets/data/Zelig/mexico.csv",0.0106489658355713
"/Users/johnmyleswhite/.julia/RDatasets/data/Zelig/mid.csv",0.0098578929901123
"/Users/johnmyleswhite/.julia/RDatasets/data/Zelig/newpainters.csv",0.00110316276550293
"/Users/johnmyleswhite/.julia/RDatasets/data/Zelig/PErisk.csv",0.00127410888671875
"/Users/johnmyleswhite/.julia/RDatasets/data/Zelig/sanction.csv",0.0011899471282959
"/Users/johnmyleswhite/.julia/RDatasets/data/Zelig/sna.ex.csv",0.000887155532836914
"/Users/johnmyleswhite/.julia/RDatasets/data/Zelig/SupremeCourt.csv",0.00107216835021973
"/Users/johnmyleswhite/.julia/RDatasets/data/Zelig/swiss.csv",0.00098109245300293
"/Users/johnmyleswhite/.julia/RDatasets/data/Zelig/tobin.csv",0.000836849212646484
"/Users/johnmyleswhite/.julia/RDatasets/data/Zelig/turnout.csv",0.00424098968505859
"/Users/johnmyleswhite/.julia/RDatasets/data/Zelig/voteincome.csv",0.00443816184997559
"/Users/johnmyleswhite/.julia/RDatasets/data/Zelig/Weimar.csv",0.00118303298950195
"/Users/johnmyleswhite/.julia/RDatasets/data/Zelig/Zelig.url.csv",0.00150799751281738
